reading_timestamp,actual_temperature,threshold_min_temperature,threshold_max_temperature,product,shipment_id,operator,unit_co2_emitted,shipment_cost_eur,label_id,in_range,out_of_range,severity,exposure,city,latitude,longitude,location_info
2025-05-29 03:12:00,14.182270899195933,13,15,Bananas - Red Banana,SH1521,Savino Del Bene – OP-005,32.0,250,LOT202505-20250529-001,True,False,None,0.0,Rome,45.0703,7.6869,"45.0703, 7.6869 - Rome"
2025-03-25 06:32:00,1.9234196956289789,0,4,Apples - Golden,SH1737,Italtrans – OP-004,20.0,200,LOT202503-20250325-002,True,False,None,0.0,Rome,46.4983,11.3548,"46.4983, 11.3548 - Rome"
2025-05-28 12:15:00,2.9716426303343377,1,4,Lettuce - Iceberg,SH1740,Amazon Italia Logistica – OP-010,15.0,180,LOT202505-20250528-003,True,False,None,0.0,Rome,44.6471,10.9252,"44.6471, 10.9252 - Rome"
2025-03-23 06:46:00,2.5675540689925924,1,4,Lettuce - Iceberg,SH1660,BRT (Bartolini) – OP-008,15.0,180,LOT202503-20250323-004,True,False,None,0.0,Rome,45.4408,12.3155,"45.4408, 12.3155 - Rome"
2025-04-20 11:05:00,3.0175744280654895,1,4,Lettuce - Iceberg,SH1411,BCUBE – OP-006,15.0,180,LOT202504-20250420-005,True,False,None,0.0,Rome,41.9028,12.4964,"41.9028, 12.4964 - Rome"
2025-03-10 02:27:00,1.7144302025441738,0,4,Apples - Evelina,SH1678,BCUBE – OP-006,19.0,195,LOT202503-20250310-006,True,False,None,0.0,Rome,41.9028,12.4964,"41.9028, 12.4964 - Rome"
2025-03-26 23:51:00,1.0588759582386373,0,2,Strawberries - Albion,SH1626,BRT (Bartolini) – OP-008,30.0,260,LOT202503-20250326-007,True,False,None,0.0,Rome,41.9028,12.4964,"41.9028, 12.4964 - Rome"
2025-03-23 00:15:00,2.7532016426410926,1,4,Lettuce - Lollo Rosso,SH1513,Schenker Italiana – OP-007,16.0,185,LOT202503-20250322-008,True,False,None,0.0,Rome,41.4676,12.9037,"41.4676, 12.9037 - Rome"
2025-04-14 10:12:00,2.2623229465384234,0,4,Apples - Fuji,SH1859,Amazon Italia Logistica – OP-010,21.0,205,LOT202504-20250414-009,True,False,None,0.0,Rome,45.4408,12.3155,"45.4408, 12.3155 - Rome"
2025-05-28 17:30:00,11.604753585614338,10,13,Tomatoes - Cherry,SH1136,Amazon Italia Logistica – OP-010,18.0,210,LOT202505-20250528-010,True,False,None,0.0,Rome,43.8777,11.1022,"43.8777, 11.1022 - Rome"
2025-03-01 18:47:00,2.743090080887449,1,4,Lettuce - Romaine,SH1811,BRT (Bartolini) – OP-008,17.0,190,LOT202503-20250301-011,True,False,None,0.0,Rome,41.9028,12.4964,"41.9028, 12.4964 - Rome"
2025-04-19 09:01:00,11.178254391405519,10,13,Tomatoes - Roma,SH1076,Arcese Trasporti – OP-002,20.0,220,LOT202504-20250419-012,True,False,None,0.0,Rome,41.231,16.2973,"41.231, 16.2973 - Rome"
2025-04-23 00:42:00,1.5416802841140465,0,4,Apples - Fuji,SH1636,GLS Italy – OP-009,21.0,205,LOT202504-20250422-013,True,False,None,0.0,Rome,44.0604,12.5656,"44.0604, 12.5656 - Rome"
2025-04-03 01:57:00,17.894197633411476,13,15,Bananas - Red Banana,SH1973,FERCAM – OP-001,32.0,250,LOT202504-20250402-014,False,True,High,1.490534429,Rome,45.4642,9.19,"45.4642, 9.19 - Rome"
2025-05-16 11:42:00,1.5082352335230396,0,4,Apples - Red Delicious,SH1938,BRT (Bartolini) – OP-008,18.0,198,LOT202505-20250516-015,True,False,None,0.0,Rome,41.9028,12.4964,"41.9028, 12.4964 - Rome"
2025-03-21 09:37:00,11.313174854600417,10,13,Tomatoes - Roma,SH1899,Italtrans – OP-004,20.0,220,LOT202503-20250321-016,True,False,None,0.0,Rome,41.9028,12.4964,"41.9028, 12.4964 - Rome"
2025-04-30 16:32:00,10.14316375396712,10,13,Tomatoes - San Marzano,SH1280,Italtrans – OP-004,22.0,230,LOT202504-20250430-017,True,False,None,0.0,Rome,40.8518,14.2681,"40.8518, 14.2681 - Rome"
2025-03-30 09:27:00,3.0311657142150987,0,4,Apples - Fuji,SH1883,Savino Del Bene – OP-005,21.0,205,LOT202503-20250330-018,True,False,None,0.0,Rome,44.4949,11.3426,"44.4949, 11.3426 - Rome"
2025-03-10 07:21:00,0.002997308985424592,0,2,Strawberries - Monterey,SH1761,BRT (Bartolini) – OP-008,29.0,255,LOT202503-20250310-019,True,False,None,0.0,Rome,38.1157,13.3615,"38.1157, 13.3615 - Rome"
2025-04-12 14:46:00,2.273534256832131,0,4,Apples - Golden,SH1319,Savino Del Bene – OP-005,20.0,200,LOT202504-20250412-020,True,False,None,0.0,Rome,40.8518,14.2681,"40.8518, 14.2681 - Rome"
2025-03-02 01:55:00,3.309046347129218,1,4,Lettuce - Romaine,SH1549,BRT (Bartolini) – OP-008,17.0,190,LOT202503-20250301-021,True,False,None,0.0,Rome,45.4408,12.3155,"45.4408, 12.3155 - Rome"
2025-05-08 17:55:00,15.181043900274316,13,15,Bananas - Red Banana,SH1174,Amazon Italia Logistica – OP-010,32.0,250,LOT202505-20250508-022,False,True,None,0.0,Rome,41.9028,12.4964,"41.9028, 12.4964 - Rome"
2025-05-10 00:06:00,1.25392733992522,0,4,Apples - Gala,SH1371,FERCAM – OP-001,19.5,202,LOT202505-20250509-023,True,False,None,0.0,Rome,40.8518,14.2681,"40.8518, 14.2681 - Rome"
2025-05-03 12:37:00,14.593358975498477,13,15,Bananas - Red Banana,SH1527,Amazon Italia Logistica – OP-010,32.0,250,LOT202505-20250503-024,True,False,None,0.0,Rome,45.0703,7.6869,"45.0703, 7.6869 - Rome"
2025-03-19 14:20:00,10.813946214918502,10,13,Tomatoes - Roma,SH1210,GLS Italy – OP-009,20.0,220,LOT202503-20250319-025,True,False,None,0.0,Rome,38.1157,13.3615,"38.1157, 13.3615 - Rome"
2025-03-04 14:44:00,14.948480015073757,13,15,Bananas - Cavendish,SH1235,BCUBE – OP-006,31.5,240,LOT202503-20250304-026,True,False,None,0.0,Rome,44.4184,12.2035,"44.4184, 12.2035 - Rome"
2025-04-27 03:57:00,3.0818851261354694,1,4,Lettuce - Iceberg,SH1101,SDA Express Courier – OP-003,15.0,180,LOT202504-20250427-027,True,False,None,0.0,Rome,45.4642,9.19,"45.4642, 9.19 - Rome"
2025-03-10 11:07:00,2.722206525139248,0,4,Apples - Golden,SH1986,BRT (Bartolini) – OP-008,20.0,200,LOT202503-20250310-028,True,False,None,0.0,Rome,44.4949,11.3426,"44.4949, 11.3426 - Rome"
2025-04-20 11:55:00,13.019550442109788,10,13,Tomatoes - Beefsteak,SH1902,GLS Italy – OP-009,19.0,215,LOT202504-20250420-029,False,True,None,0.0,Rome,37.5079,15.083,"37.5079, 15.083 - Rome"
2025-04-28 06:47:00,0.8869275848619246,0,2,Strawberries - Albion,SH1947,BCUBE – OP-006,30.0,260,LOT202504-20250428-030,True,False,None,0.0,Rome,41.9028,12.4964,"41.9028, 12.4964 - Rome"
2025-04-01 16:59:00,1.054139926781224,0,4,Apples - Red Delicious,SH1346,Schenker Italiana – OP-007,18.0,198,LOT202504-20250401-031,True,False,None,0.0,Rome,45.4408,12.3155,"45.4408, 12.3155 - Rome"
2025-05-20 14:33:00,2.1120857183869775,0,4,Apples - Golden,SH1139,FERCAM – OP-001,20.0,200,LOT202505-20250520-032,True,False,None,0.0,Rome,41.9028,12.4964,"41.9028, 12.4964 - Rome"
2025-03-06 06:51:00,1.9380499739125845,1,4,Lettuce - Butterhead,SH1621,Savino Del Bene – OP-005,14.0,175,LOT202503-20250306-033,True,False,None,0.0,Rome,41.9028,12.4964,"41.9028, 12.4964 - Rome"
2025-05-28 18:26:00,2.016926968500552,0,4,Apples - Fuji,SH1499,Savino Del Bene – OP-005,21.0,205,LOT202505-20250528-034,True,False,None,0.0,Rome,46.4983,11.3548,"46.4983, 11.3548 - Rome"
2025-05-18 10:31:00,1.2229572263367343,1,4,Lettuce - Romaine,SH1370,Amazon Italia Logistica – OP-010,17.0,190,LOT202505-20250518-035,True,False,None,0.0,Rome,40.3529,18.1743,"40.3529, 18.1743 - Rome"
2025-04-04 22:32:00,12.468435285110948,10,13,Tomatoes - Roma,SH1198,Italtrans – OP-004,20.0,220,LOT202504-20250404-036,True,False,None,0.0,Rome,39.2238,9.1217,"39.2238, 9.1217 - Rome"
2025-04-25 21:55:00,2.362808066546059,0,4,Apples - Golden,SH1687,BCUBE – OP-006,20.0,200,LOT202504-20250425-037,True,False,None,0.0,Rome,40.8518,14.2681,"40.8518, 14.2681 - Rome"
2025-05-26 01:17:00,2.2317218612703242,0,4,Apples - Gala,SH1584,Schenker Italiana – OP-007,19.5,202,LOT202505-20250525-038,True,False,None,0.0,Rome,41.9028,12.4964,"41.9028, 12.4964 - Rome"
2025-04-14 10:48:00,13.282827218209272,10,13,Tomatoes - Roma,SH1901,GLS Italy – OP-009,20.0,220,LOT202504-20250414-039,False,True,None,0.0,Rome,40.4644,17.247,"40.4644, 17.247 - Rome"
2025-04-21 04:49:00,2.6490555934917155,0,4,Apples - Renetta,SH1059,FERCAM – OP-001,20.5,210,LOT202504-20250421-040,True,False,None,0.0,Rome,38.1157,13.3615,"38.1157, 13.3615 - Rome"
2025-03-07 09:17:00,2.2969635631945686,0,4,Apples - Golden,SH1328,BCUBE – OP-006,20.0,200,LOT202503-20250307-041,True,False,None,0.0,Rome,41.9028,12.4964,"41.9028, 12.4964 - Rome"
2025-05-21 15:20:00,1.2154784203996174,0,2,Strawberries - Albion,SH1096,Schenker Italiana – OP-007,30.0,260,LOT202505-20250521-042,True,False,None,0.0,Rome,44.4056,8.9463,"44.4056, 8.9463 - Rome"
2025-05-25 10:21:00,14.711323246292684,13,15,Bananas - Cavendish,SH1312,SDA Express Courier – OP-003,31.5,240,LOT202505-20250525-043,True,False,None,0.0,Rome,41.9028,12.4964,"41.9028, 12.4964 - Rome"
2025-03-15 15:13:00,1.984663013836033,0,4,Apples - Red Delicious,SH1974,BRT (Bartolini) – OP-008,18.0,198,LOT202503-20250315-044,True,False,None,0.0,Rome,37.0755,15.2866,"37.0755, 15.2866 - Rome"
2025-04-23 11:59:00,12.227687386441612,10,13,Tomatoes - Cherry,SH1299,Savino Del Bene – OP-005,18.0,210,LOT202504-20250423-045,True,False,None,0.0,Rome,45.4642,9.19,"45.4642, 9.19 - Rome"
2025-05-19 17:22:00,2.2277385784098285,0,4,Apples - Renetta,SH1277,GLS Italy – OP-009,20.5,210,LOT202505-20250519-046,True,False,None,0.0,Rome,45.6495,13.7768,"45.6495, 13.7768 - Rome"
2025-05-24 03:21:00,1.5420533975522321,0,4,Apples - Golden,SH1924,Savino Del Bene – OP-005,20.0,200,LOT202505-20250524-047,True,False,None,0.0,Rome,40.8518,14.2681,"40.8518, 14.2681 - Rome"
2025-04-17 05:29:00,1.746126753444804,0,4,Apples - Fuji,SH1601,GLS Italy – OP-009,21.0,205,LOT202504-20250417-048,True,False,None,0.0,Rome,44.4949,11.3426,"44.4949, 11.3426 - Rome"
2025-03-17 15:01:00,1.205378661002857,0,2,Strawberries - Elsanta,SH1439,Amazon Italia Logistica – OP-010,28.0,250,LOT202503-20250317-049,True,False,None,0.0,Rome,43.7696,11.2558,"43.7696, 11.2558 - Rome"
2025-03-27 04:07:00,1.8448573260387384,0,4,Apples - Gala,SH1837,Italtrans – OP-004,19.5,202,LOT202503-20250327-050,True,False,None,0.0,Rome,41.9028,12.4964,"41.9028, 12.4964 - Rome"
2025-05-20 04:54:00,2.278856856493261,1,4,Lettuce - Lollo Rosso,SH1570,GLS Italy – OP-009,16.0,185,LOT202505-20250520-051,True,False,None,0.0,Rome,41.231,16.2973,"41.231, 16.2973 - Rome"
2025-03-18 08:20:00,1.7970986305473828,0,4,Apples - Golden,SH1879,Savino Del Bene – OP-005,20.0,200,LOT202503-20250318-052,True,False,None,0.0,Rome,43.1107,12.3908,"43.1107, 12.3908 - Rome"
2025-03-15 19:15:00,1.5918865488215757,0,4,Apples - Fuji,SH1261,Amazon Italia Logistica – OP-010,21.0,205,LOT202503-20250315-053,True,False,None,0.0,Rome,42.5636,12.6427,"42.5636, 12.6427 - Rome"
2025-04-23 21:15:00,13.4322367455705,13,15,Bananas - Plantain,SH1578,GLS Italy – OP-009,33.0,260,LOT202504-20250423-054,True,False,None,0.0,Rome,45.6983,9.6773,"45.6983, 9.6773 - Rome"
2025-05-03 04:34:00,12.756351219565932,13,15,Bananas - Cavendish,SH1023,SDA Express Courier – OP-003,31.5,240,LOT202505-20250503-055,False,True,None,0.0,Rome,45.4408,12.3155,"45.4408, 12.3155 - Rome"
2025-04-30 16:26:00,11.021578629193947,10,13,Tomatoes - Beefsteak,SH1030,Italtrans – OP-004,19.0,215,LOT202504-20250430-056,True,False,None,0.0,Rome,44.2227,12.0407,"44.2227, 12.0407 - Rome"
2025-03-15 23:07:00,1.270050604209587,0,2,Strawberries - Monterey,SH1617,GLS Italy – OP-009,29.0,255,LOT202503-20250315-057,True,False,None,0.0,Rome,41.9028,12.4964,"41.9028, 12.4964 - Rome"
2025-05-10 00:52:00,-1.0802369064139972,0,4,Apples - Fuji,SH1010,Amazon Italia Logistica – OP-010,21.0,205,LOT202505-20250509-058,False,True,High,0.0,Rome,45.4642,9.19,"45.4642, 9.19 - Rome"
2025-03-19 21:23:00,11.80012813772266,10,13,Tomatoes - Roma,SH1221,BCUBE – OP-006,20.0,220,LOT202503-20250319-059,True,False,None,0.0,Rome,41.9028,12.4964,"41.9028, 12.4964 - Rome"
2025-04-30 12:46:00,10.858660943862409,10,13,Tomatoes - Cherry,SH1820,Arcese Trasporti – OP-002,18.0,210,LOT202504-20250430-060,True,False,None,0.0,Rome,40.8518,14.2681,"40.8518, 14.2681 - Rome"
2025-04-09 22:12:00,12.75783028364139,13,15,Bananas - Cavendish,SH1296,Schenker Italiana – OP-007,31.5,240,LOT202504-20250409-061,False,True,None,0.0,Rome,45.0703,7.6869,"45.0703, 7.6869 - Rome"
2025-05-26 01:06:00,10.62260511533752,10,13,Tomatoes - Cherry,SH1054,Arcese Trasporti – OP-002,18.0,210,LOT202505-20250525-062,True,False,None,0.0,Rome,45.4642,9.19,"45.4642, 9.19 - Rome"
2025-03-31 16:24:00,0.8853476687269195,0,2,Strawberries - San Andreas,SH1542,Arcese Trasporti – OP-002,31.0,265,LOT202503-20250331-063,True,False,None,0.0,Rome,44.0604,12.5656,"44.0604, 12.5656 - Rome"
2025-03-06 12:13:00,12.773410737822267,13,15,Bananas - Red Banana,SH1209,FERCAM – OP-001,32.0,250,LOT202503-20250306-064,False,True,None,0.0,Rome,45.0703,7.6869,"45.0703, 7.6869 - Rome"
2025-03-23 00:38:00,1.6951511792464624,0,4,Apples - Renetta,SH1604,SDA Express Courier – OP-003,20.5,210,LOT202503-20250322-065,True,False,None,0.0,Rome,45.4642,9.19,"45.4642, 9.19 - Rome"
2025-05-18 08:38:00,1.4920892175840348,0,2,Strawberries - Albion,SH1692,BCUBE – OP-006,30.0,260,LOT202505-20250518-066,True,False,None,0.0,Rome,43.7696,11.2558,"43.7696, 11.2558 - Rome"
2025-05-28 04:39:00,1.6335118441410017,0,4,Apples - Fuji,SH1662,BRT (Bartolini) – OP-008,21.0,205,LOT202505-20250528-067,True,False,None,0.0,Rome,41.9028,12.4964,"41.9028, 12.4964 - Rome"
2025-05-04 17:46:00,10.953919887799389,10,13,Tomatoes - Beefsteak,SH1866,GLS Italy – OP-009,19.0,215,LOT202505-20250504-068,True,False,None,0.0,Rome,39.2238,9.1217,"39.2238, 9.1217 - Rome"
2025-03-19 21:22:00,2.012696976573557,0,4,Apples - Golden,SH1070,Schenker Italiana – OP-007,20.0,200,LOT202503-20250319-069,True,False,None,0.0,Rome,41.9028,12.4964,"41.9028, 12.4964 - Rome"
2025-03-21 09:21:00,1.761068894425291,0,4,Apples - Gala,SH1543,Italtrans – OP-004,19.5,202,LOT202503-20250321-070,True,False,None,0.0,Rome,46.0622,13.234,"46.0622, 13.234 - Rome"
2025-05-06 21:34:00,11.86751058514335,10,13,Tomatoes - Cherry,SH1107,BCUBE – OP-006,18.0,210,LOT202505-20250506-071,True,False,None,0.0,Rome,43.1107,12.3908,"43.1107, 12.3908 - Rome"
2025-04-01 00:49:00,13.867858446968192,13,15,Bananas - Plantain,SH1493,Savino Del Bene – OP-005,33.0,260,LOT202503-20250331-072,True,False,None,0.0,Rome,45.4642,9.19,"45.4642, 9.19 - Rome"
2025-03-09 05:45:00,12.619158627377438,10,13,Tomatoes - Cherry,SH1590,BRT (Bartolini) – OP-008,18.0,210,LOT202503-20250309-073,True,False,None,0.0,Rome,41.9028,12.4964,"41.9028, 12.4964 - Rome"
2025-03-19 03:49:00,1.7132113212729116,0,4,Apples - Fuji,SH1741,FERCAM – OP-001,21.0,205,LOT202503-20250319-074,True,False,None,0.0,Rome,41.4622,15.5446,"41.4622, 15.5446 - Rome"
2025-03-10 03:05:00,1.1510010853953674,0,4,Apples - Evelina,SH1292,FERCAM – OP-001,19.0,195,LOT202503-20250310-075,True,False,None,0.0,Rome,43.8777,11.1022,"43.8777, 11.1022 - Rome"
2025-05-10 16:20:00,2.4189404399163075,0,4,Apples - Gala,SH1289,BCUBE – OP-006,19.5,202,LOT202505-20250510-076,True,False,None,0.0,Rome,44.8015,10.3279,"44.8015, 10.3279 - Rome"
2025-05-25 18:35:00,13.813513000564495,13,15,Bananas - Cavendish,SH1652,Amazon Italia Logistica – OP-010,31.5,240,LOT202505-20250525-077,True,False,None,0.0,Rome,43.1107,12.3908,"43.1107, 12.3908 - Rome"
2025-03-11 00:08:00,0.72793335048882,0,2,Strawberries - Albion,SH1039,Arcese Trasporti – OP-002,30.0,260,LOT202503-20250310-078,True,False,None,0.0,Rome,41.9028,12.4964,"41.9028, 12.4964 - Rome"
2025-05-02 00:26:00,2.115514444784752,0,4,Apples - Red Delicious,SH1589,Savino Del Bene – OP-005,18.0,198,LOT202505-20250501-079,True,False,None,0.0,Rome,45.0703,7.6869,"45.0703, 7.6869 - Rome"
2025-03-05 15:00:00,2.832284333373174,0,4,Apples - Evelina,SH1307,FERCAM – OP-001,19.0,195,LOT202503-20250305-080,True,False,None,0.0,Rome,41.9028,12.4964,"41.9028, 12.4964 - Rome"
2025-05-07 23:28:00,1.5196264262299035,1,4,Lettuce - Butterhead,SH1679,Schenker Italiana – OP-007,14.0,175,LOT202505-20250507-081,True,False,None,0.0,Rome,41.4676,12.9037,"41.4676, 12.9037 - Rome"
2025-04-26 23:58:00,10.909308074838817,10,13,Tomatoes - San Marzano,SH1066,FERCAM – OP-001,22.0,230,LOT202504-20250426-082,True,False,None,0.0,Rome,45.4384,10.9916,"45.4384, 10.9916 - Rome"
2025-04-17 21:58:00,0.7785227371132613,0,2,Strawberries - Monterey,SH1275,Italtrans – OP-004,29.0,255,LOT202504-20250417-083,True,False,None,0.0,Rome,40.8518,14.2681,"40.8518, 14.2681 - Rome"
2025-03-30 03:26:00,2.635573125580279,0,4,Apples - Red Delicious,SH1067,GLS Italy – OP-009,18.0,198,LOT202503-20250330-084,True,False,None,0.0,Rome,41.9028,12.4964,"41.9028, 12.4964 - Rome"
2025-05-10 07:48:00,14.52584107509883,13,15,Bananas - Red Banana,SH1318,FERCAM – OP-001,32.0,250,LOT202505-20250510-085,True,False,None,0.0,Rome,40.8518,14.2681,"40.8518, 14.2681 - Rome"
2025-04-22 19:32:00,13.001875496481073,13,15,Bananas - Red Banana,SH1548,Italtrans – OP-004,32.0,250,LOT202504-20250422-086,True,False,None,0.0,Rome,40.8518,14.2681,"40.8518, 14.2681 - Rome"
2025-03-13 05:22:00,1.4938089661283365,0,4,Apples - Gala,SH1998,BCUBE – OP-006,19.5,202,LOT202503-20250313-087,True,False,None,0.0,Rome,44.8015,10.3279,"44.8015, 10.3279 - Rome"
2025-03-17 08:11:00,2.101415065872327,1,4,Lettuce - Romaine,SH1714,BCUBE – OP-006,17.0,190,LOT202503-20250317-088,True,False,None,0.0,Rome,38.1938,15.554,"38.1938, 15.554 - Rome"
2025-04-05 11:35:00,2.2358901921440277,1,4,Lettuce - Butterhead,SH1753,BRT (Bartolini) – OP-008,14.0,175,LOT202504-20250405-089,True,False,None,0.0,Rome,45.6983,9.6773,"45.6983, 9.6773 - Rome"
2025-04-12 03:05:00,0.7709432824447127,0,2,Strawberries - Monterey,SH1327,FERCAM – OP-001,29.0,255,LOT202504-20250412-090,True,False,None,0.0,Rome,44.4056,8.9463,"44.4056, 8.9463 - Rome"
2025-05-18 01:42:00,10.299543379266346,10,13,Tomatoes - Beefsteak,SH1382,Schenker Italiana – OP-007,19.0,215,LOT202505-20250517-091,True,False,None,0.0,Rome,41.9028,12.4964,"41.9028, 12.4964 - Rome"
2025-04-24 19:17:00,2.964951581074823,1,4,Lettuce - Lollo Rosso,SH1451,FERCAM – OP-001,16.0,185,LOT202504-20250424-092,True,False,None,0.0,Rome,43.8777,11.1022,"43.8777, 11.1022 - Rome"
2025-04-06 09:47:00,2.3975480582688355,1,4,Lettuce - Iceberg,SH1522,Schenker Italiana – OP-007,15.0,180,LOT202504-20250406-093,True,False,None,0.0,Rome,44.698,10.63,"44.698, 10.63 - Rome"
2025-03-03 05:33:00,11.492048857967832,10,13,Tomatoes - Beefsteak,SH1218,SDA Express Courier – OP-003,19.0,215,LOT202503-20250303-094,True,False,None,0.0,Rome,41.1171,16.8719,"41.1171, 16.8719 - Rome"
2025-04-23 17:38:00,1.890878906362235,0,2,Strawberries - Elsanta,SH1787,BRT (Bartolini) – OP-008,28.0,250,LOT202504-20250423-095,True,False,None,0.0,Rome,43.1107,12.3908,"43.1107, 12.3908 - Rome"
2025-03-16 09:22:00,11.174380891969705,10,13,Tomatoes - Cherry,SH1436,SDA Express Courier – OP-003,18.0,210,LOT202503-20250316-096,True,False,None,0.0,Rome,44.4056,8.9463,"44.4056, 8.9463 - Rome"
2025-04-06 20:10:00,0.977330960573582,0,2,Strawberries - San Andreas,SH1764,FERCAM – OP-001,31.0,265,LOT202504-20250406-097,True,False,None,0.0,Rome,44.4949,11.3426,"44.4949, 11.3426 - Rome"
2025-05-21 17:44:00,10.721604064590755,10,13,Tomatoes - Beefsteak,SH1088,BRT (Bartolini) – OP-008,19.0,215,LOT202505-20250521-098,True,False,None,0.0,Rome,38.1157,13.3615,"38.1157, 13.3615 - Rome"
2025-03-31 22:13:00,11.682842074189397,10,13,Tomatoes - Roma,SH1063,SDA Express Courier – OP-003,20.0,220,LOT202503-20250331-099,True,False,None,0.0,Rome,41.9028,12.4964,"41.9028, 12.4964 - Rome"
2025-05-18 19:47:00,12.929219669820602,13,15,Bananas - Cavendish,SH1826,Arcese Trasporti – OP-002,31.5,240,LOT202505-20250518-100,False,True,None,0.0,Rome,41.9028,12.4964,"41.9028, 12.4964 - Rome"
2025-05-05 02:23:00,13.747112515221485,13,15,Bananas - Cavendish,SH1716,FERCAM – OP-001,31.5,240,LOT202505-20250505-101,True,False,None,0.0,Rome,41.9028,12.4964,"41.9028, 12.4964 - Rome"
2025-05-08 01:23:00,11.186352162958057,10,13,Tomatoes - San Marzano,SH1351,SDA Express Courier – OP-003,22.0,230,LOT202505-20250507-102,True,False,None,0.0,Rome,38.1938,15.554,"38.1938, 15.554 - Rome"
2025-03-24 12:36:00,2.573436385224308,0,4,Apples - Fuji,SH1936,Arcese Trasporti – OP-002,21.0,205,LOT202503-20250324-103,True,False,None,0.0,Rome,40.8518,14.2681,"40.8518, 14.2681 - Rome"
2025-04-07 01:48:00,2.586362437636574,0,4,Apples - Fuji,SH1256,Arcese Trasporti – OP-002,21.0,205,LOT202504-20250406-104,True,False,None,0.0,Rome,44.4949,11.3426,"44.4949, 11.3426 - Rome"
2025-03-28 07:34:00,0.9588861593831655,0,2,Strawberries - San Andreas,SH1635,BCUBE – OP-006,31.0,265,LOT202503-20250328-105,True,False,None,0.0,Rome,37.0755,15.2866,"37.0755, 15.2866 - Rome"
2025-04-26 22:31:00,1.6084316211066854,0,4,Apples - Red Delicious,SH1644,FERCAM – OP-001,18.0,198,LOT202504-20250426-106,True,False,None,0.0,Rome,45.4642,9.19,"45.4642, 9.19 - Rome"
2025-05-28 20:44:00,1.3345591189825092,0,2,Strawberries - Monterey,SH1554,Arcese Trasporti – OP-002,29.0,255,LOT202505-20250528-107,True,False,None,0.0,Rome,45.0703,7.6869,"45.0703, 7.6869 - Rome"
2025-03-20 22:42:00,2.806737412219292,1,4,Lettuce - Butterhead,SH1959,BCUBE – OP-006,14.0,175,LOT202503-20250320-108,True,False,None,0.0,Rome,38.1112,15.6613,"38.1112, 15.6613 - Rome"
2025-04-07 02:51:00,2.4380631826944303,0,4,Apples - Gala,SH1168,SDA Express Courier – OP-003,19.5,202,LOT202504-20250407-109,True,False,None,0.0,Rome,45.4642,9.19,"45.4642, 9.19 - Rome"
2025-04-04 01:01:00,2.378852763745837,1,4,Lettuce - Lollo Rosso,SH1917,Italtrans – OP-004,16.0,185,LOT202504-20250403-110,True,False,None,0.0,Rome,41.9028,12.4964,"41.9028, 12.4964 - Rome"
2025-05-09 12:26:00,0.8928363629139154,0,2,Strawberries - Elsanta,SH1528,FERCAM – OP-001,28.0,250,LOT202505-20250509-111,True,False,None,0.0,Rome,45.4642,9.19,"45.4642, 9.19 - Rome"
2025-04-14 02:56:00,1.9069337648950784,0,4,Apples - Red Delicious,SH1823,BRT (Bartolini) – OP-008,18.0,198,LOT202504-20250414-112,True,False,None,0.0,Rome,41.9028,12.4964,"41.9028, 12.4964 - Rome"
2025-03-23 10:36:00,2.855786485682877,0,4,Apples - Gala,SH1985,Schenker Italiana – OP-007,19.5,202,LOT202503-20250323-113,True,False,None,0.0,Rome,45.5455,11.5354,"45.5455, 11.5354 - Rome"
2025-05-29 05:46:00,1.9888652772352469,1,4,Lettuce - Romaine,SH1816,Schenker Italiana – OP-007,17.0,190,LOT202505-20250529-114,True,False,None,0.0,Rome,39.2238,9.1217,"39.2238, 9.1217 - Rome"
2025-03-04 23:46:00,1.5399899064911697,0,4,Apples - Red Delicious,SH1086,SDA Express Courier – OP-003,18.0,198,LOT202503-20250304-115,True,False,None,0.0,Rome,38.1938,15.554,"38.1938, 15.554 - Rome"
2025-03-06 05:44:00,0.49640632614459557,0,2,Strawberries - San Andreas,SH1432,Amazon Italia Logistica – OP-010,31.0,265,LOT202503-20250306-116,True,False,None,0.0,Rome,40.9287,14.1951,"40.9287, 14.1951 - Rome"
2025-03-10 00:17:00,15.658572303317646,13,15,Bananas - Red Banana,SH1184,Amazon Italia Logistica – OP-010,32.0,250,LOT202503-20250309-117,False,True,None,0.0,Rome,39.2238,9.1217,"39.2238, 9.1217 - Rome"
2025-05-16 18:59:00,2.1571041702450744,1,4,Lettuce - Butterhead,SH1978,SDA Express Courier – OP-003,14.0,175,LOT202505-20250516-118,True,False,None,0.0,Rome,41.9028,12.4964,"41.9028, 12.4964 - Rome"
2025-05-20 09:01:00,2.1709410885491476,0,4,Apples - Renetta,SH1534,Arcese Trasporti – OP-002,20.5,210,LOT202505-20250520-119,True,False,None,0.0,Rome,45.6983,9.6773,"45.6983, 9.6773 - Rome"
2025-03-14 23:02:00,14.779118905598649,13,15,Bananas - Plantain,SH1294,FERCAM – OP-001,33.0,260,LOT202503-20250314-120,True,False,None,0.0,Rome,43.7696,11.2558,"43.7696, 11.2558 - Rome"
2025-04-23 12:41:00,2.025509438533626,0,4,Apples - Red Delicious,SH1892,Schenker Italiana – OP-007,18.0,198,LOT202504-20250423-121,True,False,None,0.0,Rome,39.2238,9.1217,"39.2238, 9.1217 - Rome"
2025-03-02 11:00:00,3.159378718213069,1,4,Lettuce - Lollo Rosso,SH1425,Schenker Italiana – OP-007,16.0,185,LOT202503-20250302-122,True,False,None,0.0,Rome,46.07,11.119,"46.07, 11.119 - Rome"
2025-04-03 14:50:00,2.230796670275003,0,4,Apples - Golden,SH1713,Arcese Trasporti – OP-002,20.0,200,LOT202504-20250403-123,True,False,None,0.0,Rome,40.8518,14.2681,"40.8518, 14.2681 - Rome"
2025-03-19 10:31:00,2.477306468340503,0,4,Apples - Gala,SH1260,Schenker Italiana – OP-007,19.5,202,LOT202503-20250319-124,True,False,None,0.0,Rome,41.9028,12.4964,"41.9028, 12.4964 - Rome"
2025-04-29 02:16:00,2.7123708595725535,1,4,Lettuce - Iceberg,SH1237,BRT (Bartolini) – OP-008,15.0,180,LOT202504-20250429-125,True,False,None,0.0,Rome,45.4642,9.19,"45.4642, 9.19 - Rome"
2025-05-14 14:08:00,2.4711885100887794,0,4,Apples - Evelina,SH1559,FERCAM – OP-001,19.0,195,LOT202505-20250514-126,True,False,None,0.0,Rome,38.1157,13.3615,"38.1157, 13.3615 - Rome"
2025-04-27 12:31:00,12.696329949466024,13,15,Bananas - Red Banana,SH1583,GLS Italy – OP-009,32.0,250,LOT202504-20250427-127,False,True,None,0.0,Rome,41.4622,15.5446,"41.4622, 15.5446 - Rome"
2025-05-19 09:07:00,1.9684916566418005,1,4,Lettuce - Butterhead,SH1445,Schenker Italiana – OP-007,14.0,175,LOT202505-20250519-128,True,False,None,0.0,Rome,41.4676,12.9037,"41.4676, 12.9037 - Rome"
2025-03-19 09:45:00,12.195386164541219,13,15,Bananas - Red Banana,SH1867,SDA Express Courier – OP-003,32.0,250,LOT202503-20250319-129,False,True,Medium,0.0,Rome,41.9028,12.4964,"41.9028, 12.4964 - Rome"
2025-03-27 13:58:00,10.613622218102265,10,13,Tomatoes - Roma,SH1800,BRT (Bartolini) – OP-008,20.0,220,LOT202503-20250327-130,True,False,None,0.0,Rome,44.4949,11.3426,"44.4949, 11.3426 - Rome"
2025-03-17 01:39:00,1.148114988133333,0,4,Apples - Golden,SH1599,Schenker Italiana – OP-007,20.0,200,LOT202503-20250316-131,True,False,None,0.0,Rome,38.1157,13.3615,"38.1157, 13.3615 - Rome"
2025-03-14 00:39:00,14.104597871685666,13,15,Bananas - Cavendish,SH1849,BRT (Bartolini) – OP-008,31.5,240,LOT202503-20250313-132,True,False,None,0.0,Rome,45.4642,9.19,"45.4642, 9.19 - Rome"
2025-04-29 11:30:00,1.1811536818500668,0,4,Apples - Fuji,SH1265,BCUBE – OP-006,21.0,205,LOT202504-20250429-133,True,False,None,0.0,Rome,41.9028,12.4964,"41.9028, 12.4964 - Rome"
2025-05-09 11:11:00,1.6488717388711631,0,4,Apples - Evelina,SH1995,GLS Italy – OP-009,19.0,195,LOT202505-20250509-134,True,False,None,0.0,Rome,40.8518,14.2681,"40.8518, 14.2681 - Rome"
2025-03-16 01:23:00,11.282968204677738,10,13,Tomatoes - Beefsteak,SH1529,Savino Del Bene – OP-005,19.0,215,LOT202503-20250315-135,True,False,None,0.0,Rome,42.5636,12.6427,"42.5636, 12.6427 - Rome"
2025-03-28 09:41:00,11.734754195498919,10,13,Tomatoes - San Marzano,SH1055,SDA Express Courier – OP-003,22.0,230,LOT202503-20250328-136,True,False,None,0.0,Rome,40.8518,14.2681,"40.8518, 14.2681 - Rome"
2025-05-20 09:52:00,13.940037554571916,13,15,Bananas - Cavendish,SH1120,SDA Express Courier – OP-003,31.5,240,LOT202505-20250520-137,True,False,None,0.0,Rome,44.4949,11.3426,"44.4949, 11.3426 - Rome"
2025-03-05 02:16:00,11.369563128433327,10,13,Tomatoes - Beefsteak,SH1215,FERCAM – OP-001,19.0,215,LOT202503-20250305-138,True,False,None,0.0,Rome,43.8777,11.1022,"43.8777, 11.1022 - Rome"
2025-03-26 09:24:00,2.312778266589892,1,4,Lettuce - Iceberg,SH1025,BRT (Bartolini) – OP-008,15.0,180,LOT202503-20250326-139,True,False,None,0.0,Rome,45.0703,7.6869,"45.0703, 7.6869 - Rome"
2025-04-17 22:36:00,10.886893842373004,10,13,Tomatoes - San Marzano,SH1072,Arcese Trasporti – OP-002,22.0,230,LOT202504-20250417-140,True,False,None,0.0,Rome,41.231,16.2973,"41.231, 16.2973 - Rome"
2025-03-07 03:11:00,1.9185968120757098,0,4,Apples - Evelina,SH1044,SDA Express Courier – OP-003,19.0,195,LOT202503-20250307-141,True,False,None,0.0,Rome,40.3529,18.1743,"40.3529, 18.1743 - Rome"
2025-04-21 16:38:00,0.6867206441621082,0,2,Strawberries - Elsanta,SH1247,BRT (Bartolini) – OP-008,28.0,250,LOT202504-20250421-142,True,False,None,0.0,Rome,45.4642,9.19,"45.4642, 9.19 - Rome"
2025-04-27 16:50:00,1.1061004233651464,0,4,Apples - Fuji,SH1721,BRT (Bartolini) – OP-008,21.0,205,LOT202504-20250427-143,True,False,None,0.0,Rome,44.4056,8.9463,"44.4056, 8.9463 - Rome"
2025-05-18 01:41:00,2.893714951554882,0,4,Apples - Red Delicious,SH1281,Italtrans – OP-004,18.0,198,LOT202505-20250517-144,True,False,None,0.0,Rome,40.8518,14.2681,"40.8518, 14.2681 - Rome"
2025-04-29 11:53:00,12.640577944938965,10,13,Tomatoes - Beefsteak,SH1893,Italtrans – OP-004,19.0,215,LOT202504-20250429-145,True,False,None,0.0,Rome,45.4642,9.19,"45.4642, 9.19 - Rome"
2025-03-22 09:47:00,2.116558773832922,0,4,Apples - Fuji,SH1914,Savino Del Bene – OP-005,21.0,205,LOT202503-20250322-146,True,False,None,0.0,Rome,41.9028,12.4964,"41.9028, 12.4964 - Rome"
2025-03-28 05:50:00,1.8372992424850254,0,4,Apples - Red Delicious,SH1810,BCUBE – OP-006,18.0,198,LOT202503-20250328-147,True,False,None,0.0,Rome,45.4408,12.3155,"45.4408, 12.3155 - Rome"
2025-05-29 22:50:00,3.6129575426805385,0,2,Strawberries - Albion,SH1244,Savino Del Bene – OP-005,30.0,260,LOT202505-20250529-148,False,True,High,1.333304856,Rome,44.4949,11.3426,"44.4949, 11.3426 - Rome"
2025-04-12 23:48:00,14.597945430893244,13,15,Bananas - Red Banana,SH1822,Schenker Italiana – OP-007,32.0,250,LOT202504-20250412-149,True,False,None,0.0,Rome,41.9028,12.4964,"41.9028, 12.4964 - Rome"
2025-04-27 15:19:00,15.377852978233951,13,15,Bananas - Plantain,SH1321,Arcese Trasporti – OP-002,33.0,260,LOT202504-20250427-150,False,True,None,0.0,Rome,45.4642,9.19,"45.4642, 9.19 - Rome"
2025-03-28 01:07:00,1.8371204921999933,0,4,Apples - Renetta,SH1643,Schenker Italiana – OP-007,20.5,210,LOT202503-20250327-151,True,False,None,0.0,Rome,37.0755,15.2866,"37.0755, 15.2866 - Rome"
2025-05-14 12:28:00,12.371774326112805,10,13,Tomatoes - San Marzano,SH1158,Amazon Italia Logistica – OP-010,22.0,230,LOT202505-20250514-152,True,False,None,0.0,Rome,45.4642,9.19,"45.4642, 9.19 - Rome"
2025-03-05 00:15:00,1.6395224769843553,1,4,Lettuce - Butterhead,SH1977,Schenker Italiana – OP-007,14.0,175,LOT202503-20250304-153,True,False,None,0.0,Rome,41.9028,12.4964,"41.9028, 12.4964 - Rome"
2025-04-01 05:39:00,15.260308874289176,13,15,Bananas - Plantain,SH1429,FERCAM – OP-001,33.0,260,LOT202504-20250401-154,False,True,None,0.0,Rome,44.4056,8.9463,"44.4056, 8.9463 - Rome"
2025-04-07 07:45:00,1.8282850599703544,0,4,Apples - Golden,SH1941,Schenker Italiana – OP-007,20.0,200,LOT202504-20250407-155,True,False,None,0.0,Rome,46.0622,13.234,"46.0622, 13.234 - Rome"
2025-04-06 06:18:00,1.2922090229006522,0,2,Strawberries - Monterey,SH1462,Savino Del Bene – OP-005,29.0,255,LOT202504-20250406-156,True,False,None,0.0,Rome,45.4642,9.19,"45.4642, 9.19 - Rome"
2025-03-11 16:11:00,14.593423614483681,13,15,Bananas - Plantain,SH1309,SDA Express Courier – OP-003,33.0,260,LOT202503-20250311-157,True,False,None,0.0,Rome,45.6495,13.7768,"45.6495, 13.7768 - Rome"
2025-05-25 02:13:00,13.816133464460101,13,15,Bananas - Plantain,SH1697,SDA Express Courier – OP-003,33.0,260,LOT202505-20250525-158,True,False,None,0.0,Rome,44.698,10.63,"44.698, 10.63 - Rome"
2025-03-01 10:46:00,3.0798492615215776,0,4,Apples - Renetta,SH1060,Italtrans – OP-004,20.5,210,LOT202503-20250301-159,True,False,None,0.0,Rome,45.4642,9.19,"45.4642, 9.19 - Rome"
2025-04-17 20:00:00,12.83145450694346,13,15,Bananas - Red Banana,SH1884,Arcese Trasporti – OP-002,32.0,250,LOT202504-20250417-160,False,True,None,0.0,Rome,44.8015,10.3279,"44.8015, 10.3279 - Rome"
2025-04-03 07:17:00,10.74158230242691,10,13,Tomatoes - San Marzano,SH1595,Arcese Trasporti – OP-002,22.0,230,LOT202504-20250403-161,True,False,None,0.0,Rome,45.0703,7.6869,"45.0703, 7.6869 - Rome"
2025-05-26 23:33:00,1.316959815843914,0,2,Strawberries - Elsanta,SH1767,FERCAM – OP-001,28.0,250,LOT202505-20250526-162,True,False,None,0.0,Rome,38.1938,15.554,"38.1938, 15.554 - Rome"
2025-05-29 23:58:00,0.9980982545108245,0,2,Strawberries - Elsanta,SH1649,Savino Del Bene – OP-005,28.0,250,LOT202505-20250529-163,True,False,None,0.0,Rome,38.1938,15.554,"38.1938, 15.554 - Rome"
2025-03-09 02:16:00,1.6819499681632464,0,4,Apples - Evelina,SH1650,Italtrans – OP-004,19.0,195,LOT202503-20250309-164,True,False,None,0.0,Rome,43.7696,11.2558,"43.7696, 11.2558 - Rome"
2025-03-20 21:41:00,1.5690229403806009,0,2,Strawberries - Elsanta,SH1865,Amazon Italia Logistica – OP-010,28.0,250,LOT202503-20250320-165,True,False,None,0.0,Rome,41.9028,12.4964,"41.9028, 12.4964 - Rome"
2025-04-25 00:03:00,14.89460425567732,13,15,Bananas - Cavendish,SH1668,Arcese Trasporti – OP-002,31.5,240,LOT202504-20250424-166,True,False,None,0.0,Rome,40.6824,14.7681,"40.6824, 14.7681 - Rome"
2025-04-05 12:27:00,11.037664242758089,10,13,Tomatoes - Roma,SH1298,SDA Express Courier – OP-003,20.0,220,LOT202504-20250405-167,True,False,None,0.0,Rome,40.8518,14.2681,"40.8518, 14.2681 - Rome"
2025-03-25 01:31:00,2.0359397858733184,0,4,Apples - Renetta,SH1689,Schenker Italiana – OP-007,20.5,210,LOT202503-20250324-168,True,False,None,0.0,Rome,41.9028,12.4964,"41.9028, 12.4964 - Rome"
2025-03-07 03:12:00,1.3326434927600457,0,4,Apples - Renetta,SH1314,Schenker Italiana – OP-007,20.5,210,LOT202503-20250307-169,True,False,None,0.0,Rome,41.9028,12.4964,"41.9028, 12.4964 - Rome"
2025-05-12 09:01:00,2.4857281497333807,1,4,Lettuce - Iceberg,SH1310,Italtrans – OP-004,15.0,180,LOT202505-20250512-170,True,False,None,0.0,Rome,37.5079,15.083,"37.5079, 15.083 - Rome"
2025-04-15 12:55:00,1.8890484777952223,0,4,Apples - Red Delicious,SH1361,Savino Del Bene – OP-005,18.0,198,LOT202504-20250415-171,True,False,None,0.0,Rome,40.4644,17.247,"40.4644, 17.247 - Rome"
2025-04-21 23:44:00,10.796657670650255,10,13,Tomatoes - Cherry,SH1479,Savino Del Bene – OP-005,18.0,210,LOT202504-20250421-172,True,False,None,0.0,Rome,41.9028,12.4964,"41.9028, 12.4964 - Rome"
2025-05-24 15:47:00,13.179502737682707,13,15,Bananas - Red Banana,SH1110,BCUBE – OP-006,32.0,250,LOT202505-20250524-173,True,False,None,0.0,Rome,44.4949,11.3426,"44.4949, 11.3426 - Rome"
2025-05-30 23:18:00,1.909931962943541,0,4,Apples - Renetta,SH1989,GLS Italy – OP-009,20.5,210,LOT202505-20250530-174,True,False,None,0.0,Rome,45.4642,9.19,"45.4642, 9.19 - Rome"
2025-05-30 04:29:00,1.7578640452411982,0,2,Strawberries - Monterey,SH1486,Arcese Trasporti – OP-002,29.0,255,LOT202505-20250530-175,True,False,None,0.0,Rome,38.1938,15.554,"38.1938, 15.554 - Rome"
2025-03-04 15:09:00,10.474346788386386,10,13,Tomatoes - Cherry,SH1363,Savino Del Bene – OP-005,18.0,210,LOT202503-20250304-176,True,False,None,0.0,Rome,41.9028,12.4964,"41.9028, 12.4964 - Rome"
2025-05-24 08:12:00,1.497989241521184,0,4,Apples - Fuji,SH1254,SDA Express Courier – OP-003,21.0,205,LOT202505-20250524-177,True,False,None,0.0,Rome,45.5416,10.2118,"45.5416, 10.2118 - Rome"
2025-04-04 07:08:00,2.304426288723595,1,4,Lettuce - Romaine,SH1259,Italtrans – OP-004,17.0,190,LOT202504-20250404-178,True,False,None,0.0,Rome,45.0703,7.6869,"45.0703, 7.6869 - Rome"
2025-05-10 00:57:00,12.130707070825274,10,13,Tomatoes - San Marzano,SH1802,Amazon Italia Logistica – OP-010,22.0,230,LOT202505-20250509-179,True,False,None,0.0,Rome,42.5636,12.6427,"42.5636, 12.6427 - Rome"
2025-04-08 00:15:00,9.363189486726295,10,13,Tomatoes - Beefsteak,SH1677,BCUBE – OP-006,19.0,215,LOT202504-20250407-180,False,True,None,0.0,Rome,41.9028,12.4964,"41.9028, 12.4964 - Rome"
2025-04-27 09:03:00,11.411644493886177,10,13,Tomatoes - Cherry,SH1494,BRT (Bartolini) – OP-008,18.0,210,LOT202504-20250427-181,True,False,None,0.0,Rome,40.8518,14.2681,"40.8518, 14.2681 - Rome"
2025-05-25 16:34:00,1.4557389472917308,0,2,Strawberries - San Andreas,SH1670,FERCAM – OP-001,31.0,265,LOT202505-20250525-182,True,False,None,0.0,Rome,41.9028,12.4964,"41.9028, 12.4964 - Rome"
2025-03-21 17:59:00,2.4093629347777696,1,4,Lettuce - Iceberg,SH1377,Amazon Italia Logistica – OP-010,15.0,180,LOT202503-20250321-183,True,False,None,0.0,Rome,44.2227,12.0407,"44.2227, 12.0407 - Rome"
2025-04-29 14:28:00,14.037730086393978,13,15,Bananas - Red Banana,SH1526,BRT (Bartolini) – OP-008,32.0,250,LOT202504-20250429-184,True,False,None,0.0,Rome,40.9287,14.1951,"40.9287, 14.1951 - Rome"
2025-04-11 19:52:00,12.670872103038727,10,13,Tomatoes - Cherry,SH1845,Schenker Italiana – OP-007,18.0,210,LOT202504-20250411-185,True,False,None,0.0,Rome,45.4642,9.19,"45.4642, 9.19 - Rome"
2025-05-11 05:51:00,2.4235832726034485,0,4,Apples - Fuji,SH1137,FERCAM – OP-001,21.0,205,LOT202505-20250511-186,True,False,None,0.0,Rome,45.4064,11.8768,"45.4064, 11.8768 - Rome"
2025-05-28 02:20:00,0.8472339342558377,0,2,Strawberries - Albion,SH1355,Arcese Trasporti – OP-002,30.0,260,LOT202505-20250528-187,True,False,None,0.0,Rome,41.4622,15.5446,"41.4622, 15.5446 - Rome"
2025-05-25 14:33:00,15.402700681631611,13,15,Bananas - Red Banana,SH1365,SDA Express Courier – OP-003,32.0,250,LOT202505-20250525-188,False,True,Medium,0.130621909,Rome,41.1171,16.8719,"41.1171, 16.8719 - Rome"
2025-03-19 13:09:00,12.685937635127797,10,13,Tomatoes - Beefsteak,SH1942,FERCAM – OP-001,19.0,215,LOT202503-20250319-189,True,False,None,0.0,Rome,43.7696,11.2558,"43.7696, 11.2558 - Rome"
2025-03-21 22:15:00,1.2841138581868712,0,4,Apples - Red Delicious,SH1749,GLS Italy – OP-009,18.0,198,LOT202503-20250321-190,True,False,None,0.0,Rome,45.4642,9.19,"45.4642, 9.19 - Rome"
2025-03-21 05:29:00,0.36147703409360266,0,2,Strawberries - Albion,SH1948,BRT (Bartolini) – OP-008,30.0,260,LOT202503-20250321-191,True,False,None,0.0,Rome,41.9028,12.4964,"41.9028, 12.4964 - Rome"
2025-04-27 22:29:00,2.0386300511483246,0,4,Apples - Gala,SH1829,Arcese Trasporti – OP-002,19.5,202,LOT202504-20250427-192,True,False,None,0.0,Rome,46.07,11.119,"46.07, 11.119 - Rome"
2025-05-27 21:26:00,2.7511793448388837,0,4,Apples - Red Delicious,SH1656,GLS Italy – OP-009,18.0,198,LOT202505-20250527-193,True,False,None,0.0,Rome,46.07,11.119,"46.07, 11.119 - Rome"
2025-04-13 04:06:00,2.480822622847576,0,4,Apples - Fuji,SH1199,Schenker Italiana – OP-007,21.0,205,LOT202504-20250413-194,True,False,None,0.0,Rome,38.1938,15.554,"38.1938, 15.554 - Rome"
2025-05-14 03:41:00,12.556429615686971,10,13,Tomatoes - Roma,SH1213,GLS Italy – OP-009,20.0,220,LOT202505-20250514-195,True,False,None,0.0,Rome,40.8518,14.2681,"40.8518, 14.2681 - Rome"
2025-03-19 05:43:00,1.9873018342297306,0,4,Apples - Golden,SH1408,BCUBE – OP-006,20.0,200,LOT202503-20250319-196,True,False,None,0.0,Rome,40.8518,14.2681,"40.8518, 14.2681 - Rome"
2025-03-05 08:34:00,1.0555533758576476,0,4,Apples - Red Delicious,SH1332,BCUBE – OP-006,18.0,198,LOT202503-20250305-197,True,False,None,0.0,Rome,44.8015,10.3279,"44.8015, 10.3279 - Rome"
2025-03-16 05:24:00,2.0333108638116837,0,4,Apples - Golden,SH1208,Italtrans – OP-004,20.0,200,LOT202503-20250316-198,True,False,None,0.0,Rome,46.07,11.119,"46.07, 11.119 - Rome"
2025-03-30 00:48:00,1.2892617036973484,0,2,Strawberries - Monterey,SH1613,Amazon Italia Logistica – OP-010,29.0,255,LOT202503-20250329-199,True,False,None,0.0,Rome,45.6983,9.6773,"45.6983, 9.6773 - Rome"
2025-04-14 17:28:00,1.4070292450227118,0,2,Strawberries - Albion,SH1078,Amazon Italia Logistica – OP-010,30.0,260,LOT202504-20250414-200,True,False,None,0.0,Rome,44.4184,12.2035,"44.4184, 12.2035 - Rome"
2025-04-05 15:15:00,10.730070934696208,10,13,Tomatoes - Beefsteak,SH1029,Arcese Trasporti – OP-002,19.0,215,LOT202504-20250405-201,True,False,None,0.0,Rome,38.1938,15.554,"38.1938, 15.554 - Rome"
2025-03-15 09:01:00,11.872821698385886,10,13,Tomatoes - Roma,SH1535,Schenker Italiana – OP-007,20.0,220,LOT202503-20250315-202,True,False,None,0.0,Rome,41.9028,12.4964,"41.9028, 12.4964 - Rome"
2025-04-06 15:28:00,2.7044991347603875,1,4,Lettuce - Lollo Rosso,SH1695,Savino Del Bene – OP-005,16.0,185,LOT202504-20250406-203,True,False,None,0.0,Rome,41.9028,12.4964,"41.9028, 12.4964 - Rome"
2025-03-21 23:27:00,1.8297465088834106,0,4,Apples - Gala,SH1557,BCUBE – OP-006,19.5,202,LOT202503-20250321-204,True,False,None,0.0,Rome,46.07,11.119,"46.07, 11.119 - Rome"
2025-04-04 18:10:00,10.768692488666382,10,13,Tomatoes - Roma,SH1836,Arcese Trasporti – OP-002,20.0,220,LOT202504-20250404-205,True,False,None,0.0,Rome,45.4408,12.3155,"45.4408, 12.3155 - Rome"
2025-03-23 23:41:00,13.257642337659727,13,15,Bananas - Plantain,SH1596,Savino Del Bene – OP-005,33.0,260,LOT202503-20250323-206,True,False,None,0.0,Rome,41.9028,12.4964,"41.9028, 12.4964 - Rome"
2025-04-18 04:58:00,12.108546530519977,10,13,Tomatoes - San Marzano,SH1165,Amazon Italia Logistica – OP-010,22.0,230,LOT202504-20250418-207,True,False,None,0.0,Rome,41.9028,12.4964,"41.9028, 12.4964 - Rome"
2025-04-02 03:27:00,2.206562511576323,1,4,Lettuce - Iceberg,SH1918,Italtrans – OP-004,15.0,180,LOT202504-20250402-208,True,False,None,0.0,Rome,45.6495,13.7768,"45.6495, 13.7768 - Rome"
2025-04-22 09:04:00,1.5604552248072907,0,2,Strawberries - Albion,SH1495,GLS Italy – OP-009,30.0,260,LOT202504-20250422-209,True,False,None,0.0,Rome,41.9028,12.4964,"41.9028, 12.4964 - Rome"
2025-03-31 05:28:00,2.9068758779956014,1,4,Lettuce - Romaine,SH1824,BCUBE – OP-006,17.0,190,LOT202503-20250331-210,True,False,None,0.0,Rome,41.9028,12.4964,"41.9028, 12.4964 - Rome"
2025-03-28 12:19:00,12.541495542366645,10,13,Tomatoes - San Marzano,SH1065,Arcese Trasporti – OP-002,22.0,230,LOT202503-20250328-211,True,False,None,0.0,Rome,43.7696,11.2558,"43.7696, 11.2558 - Rome"
2025-05-27 10:56:00,1.0052744908075895,0,2,Strawberries - Albion,SH1141,FERCAM – OP-001,30.0,260,LOT202505-20250527-212,True,False,None,0.0,Rome,45.5416,10.2118,"45.5416, 10.2118 - Rome"
2025-04-06 09:09:00,11.5643571675486,10,13,Tomatoes - San Marzano,SH1925,Savino Del Bene – OP-005,22.0,230,LOT202504-20250406-213,True,False,None,0.0,Rome,45.4064,11.8768,"45.4064, 11.8768 - Rome"
2025-03-27 20:39:00,0.20378851436690482,0,2,Strawberries - Albion,SH1827,GLS Italy – OP-009,30.0,260,LOT202503-20250327-214,True,False,None,0.0,Rome,45.4642,9.19,"45.4642, 9.19 - Rome"
2025-05-19 08:06:00,12.78540822753176,13,15,Bananas - Plantain,SH1655,BCUBE – OP-006,33.0,260,LOT202505-20250519-215,False,True,None,0.0,Rome,43.8777,11.1022,"43.8777, 11.1022 - Rome"
2025-04-21 16:39:00,1.0480052163020852,0,2,Strawberries - Albion,SH1331,Amazon Italia Logistica – OP-010,30.0,260,LOT202504-20250421-216,True,False,None,0.0,Rome,45.4642,9.19,"45.4642, 9.19 - Rome"
2025-05-17 19:25:00,0.8490767467987073,0,2,Strawberries - Elsanta,SH1664,Schenker Italiana – OP-007,28.0,250,LOT202505-20250517-217,True,False,None,0.0,Rome,40.8518,14.2681,"40.8518, 14.2681 - Rome"
2025-05-06 06:37:00,11.392856210216717,10,13,Tomatoes - Roma,SH1249,Savino Del Bene – OP-005,20.0,220,LOT202505-20250506-218,True,False,None,0.0,Rome,38.1112,15.6613,"38.1112, 15.6613 - Rome"
2025-05-06 23:47:00,11.636802811769192,10,13,Tomatoes - Roma,SH1907,Amazon Italia Logistica – OP-010,20.0,220,LOT202505-20250506-219,True,False,None,0.0,Rome,45.4064,11.8768,"45.4064, 11.8768 - Rome"
2025-04-03 23:07:00,2.541127523562459,0,4,Apples - Gala,SH1708,BCUBE – OP-006,19.5,202,LOT202504-20250403-220,True,False,None,0.0,Rome,44.8381,11.6198,"44.8381, 11.6198 - Rome"
2025-03-25 17:28:00,1.2428239833523813,0,2,Strawberries - San Andreas,SH1305,Savino Del Bene – OP-005,31.0,265,LOT202503-20250325-221,True,False,None,0.0,Rome,45.4064,11.8768,"45.4064, 11.8768 - Rome"
2025-04-21 18:41:00,2.350047099083904,0,4,Apples - Red Delicious,SH1734,GLS Italy – OP-009,18.0,198,LOT202504-20250421-222,True,False,None,0.0,Rome,41.1171,16.8719,"41.1171, 16.8719 - Rome"
2025-04-21 22:23:00,10.83765918057655,10,13,Tomatoes - San Marzano,SH1975,BCUBE – OP-006,22.0,230,LOT202504-20250421-223,True,False,None,0.0,Rome,41.9028,12.4964,"41.9028, 12.4964 - Rome"
2025-03-16 15:51:00,12.384620376371926,10,13,Tomatoes - Roma,SH1049,BRT (Bartolini) – OP-008,20.0,220,LOT202503-20250316-224,True,False,None,0.0,Rome,45.0703,7.6869,"45.0703, 7.6869 - Rome"
2025-04-12 22:01:00,13.766515892006556,13,15,Bananas - Red Banana,SH1896,Arcese Trasporti – OP-002,32.0,250,LOT202504-20250412-225,True,False,None,0.0,Rome,45.4642,9.19,"45.4642, 9.19 - Rome"
2025-04-14 04:03:00,12.598355044563414,10,13,Tomatoes - San Marzano,SH1002,GLS Italy – OP-009,22.0,230,LOT202504-20250414-226,True,False,None,0.0,Rome,45.4642,9.19,"45.4642, 9.19 - Rome"
2025-05-25 07:20:00,2.55868369357976,1,4,Lettuce - Romaine,SH1544,Savino Del Bene – OP-005,17.0,190,LOT202505-20250525-227,True,False,None,0.0,Rome,41.231,16.2973,"41.231, 16.2973 - Rome"
2025-04-04 05:13:00,0.34849019498407396,0,2,Strawberries - Albion,SH1350,Schenker Italiana – OP-007,30.0,260,LOT202504-20250404-228,True,False,None,0.0,Rome,45.0703,7.6869,"45.0703, 7.6869 - Rome"
2025-03-05 12:08:00,2.5933836176565808,0,4,Apples - Red Delicious,SH1904,Amazon Italia Logistica – OP-010,18.0,198,LOT202503-20250305-229,True,False,None,0.0,Rome,45.6983,9.6773,"45.6983, 9.6773 - Rome"
2025-03-20 03:04:00,11.844157745511307,10,13,Tomatoes - Beefsteak,SH1536,FERCAM – OP-001,19.0,215,LOT202503-20250320-230,True,False,None,0.0,Rome,45.4384,10.9916,"45.4384, 10.9916 - Rome"
2025-05-18 02:40:00,13.04299181790402,13,15,Bananas - Plantain,SH1344,Amazon Italia Logistica – OP-010,33.0,260,LOT202505-20250518-231,True,False,None,0.0,Rome,43.5485,10.3106,"43.5485, 10.3106 - Rome"
2025-04-01 08:04:00,1.560530725589408,0,4,Apples - Renetta,SH1994,Savino Del Bene – OP-005,20.5,210,LOT202504-20250401-232,True,False,None,0.0,Rome,44.4949,11.3426,"44.4949, 11.3426 - Rome"
2025-04-28 07:49:00,1.84242618661264,0,4,Apples - Renetta,SH1481,Amazon Italia Logistica – OP-010,20.5,210,LOT202504-20250428-233,True,False,None,0.0,Rome,37.5079,15.083,"37.5079, 15.083 - Rome"
2025-05-31 00:56:00,2.3119518576460742,1,4,Lettuce - Butterhead,SH1575,Arcese Trasporti – OP-002,14.0,175,LOT202505-20250530-234,True,False,None,0.0,Rome,44.4056,8.9463,"44.4056, 8.9463 - Rome"
2025-05-01 15:32:00,2.3001704351288077,0,4,Apples - Gala,SH1033,BCUBE – OP-006,19.5,202,LOT202505-20250501-235,True,False,None,0.0,Rome,45.4642,9.19,"45.4642, 9.19 - Rome"
2025-05-18 09:15:00,2.6497627755878734,1,4,Lettuce - Butterhead,SH1031,FERCAM – OP-001,14.0,175,LOT202505-20250518-236,True,False,None,0.0,Rome,44.8015,10.3279,"44.8015, 10.3279 - Rome"
2025-04-09 15:45:00,0.957755887088422,0,4,Apples - Evelina,SH1231,SDA Express Courier – OP-003,19.0,195,LOT202504-20250409-237,True,False,None,0.0,Rome,45.4642,9.19,"45.4642, 9.19 - Rome"
2025-04-04 20:29:00,12.051216499388895,10,13,Tomatoes - Cherry,SH1963,Savino Del Bene – OP-005,18.0,210,LOT202504-20250404-238,True,False,None,0.0,Rome,41.9028,12.4964,"41.9028, 12.4964 - Rome"
2025-04-06 10:06:00,2.11866737217961,0,4,Apples - Red Delicious,SH1192,Italtrans – OP-004,18.0,198,LOT202504-20250406-239,True,False,None,0.0,Rome,38.1938,15.554,"38.1938, 15.554 - Rome"
2025-05-15 14:17:00,12.074986930532535,10,13,Tomatoes - Beefsteak,SH1333,SDA Express Courier – OP-003,19.0,215,LOT202505-20250515-240,True,False,None,0.0,Rome,41.9028,12.4964,"41.9028, 12.4964 - Rome"
2025-04-26 09:01:00,14.96655691374016,13,15,Bananas - Red Banana,SH1003,Amazon Italia Logistica – OP-010,32.0,250,LOT202504-20250426-241,True,False,None,0.0,Rome,42.5636,12.6427,"42.5636, 12.6427 - Rome"
2025-03-17 07:58:00,10.49604568649214,10,13,Tomatoes - Roma,SH1204,Savino Del Bene – OP-005,20.0,220,LOT202503-20250317-242,True,False,None,0.0,Rome,45.0528,9.6927,"45.0528, 9.6927 - Rome"
2025-05-08 09:53:00,2.0160897512765694,0,4,Apples - Renetta,SH1514,BRT (Bartolini) – OP-008,20.5,210,LOT202505-20250508-243,True,False,None,0.0,Rome,42.4643,14.2142,"42.4643, 14.2142 - Rome"
2025-04-05 09:41:00,1.2258601405613394,0,2,Strawberries - Monterey,SH1799,Italtrans – OP-004,29.0,255,LOT202504-20250405-244,True,False,None,0.0,Rome,45.0703,7.6869,"45.0703, 7.6869 - Rome"
2025-04-22 18:57:00,11.395389756578687,10,13,Tomatoes - San Marzano,SH1306,FERCAM – OP-001,22.0,230,LOT202504-20250422-245,True,False,None,0.0,Rome,41.9028,12.4964,"41.9028, 12.4964 - Rome"
2025-04-26 23:05:00,2.511478276860255,0,4,Apples - Golden,SH1109,Schenker Italiana – OP-007,20.0,200,LOT202504-20250426-246,True,False,None,0.0,Rome,45.5455,11.5354,"45.5455, 11.5354 - Rome"
2025-05-28 08:38:00,2.499045469774696,1,4,Lettuce - Butterhead,SH1430,BRT (Bartolini) – OP-008,14.0,175,LOT202505-20250528-247,True,False,None,0.0,Rome,38.1157,13.3615,"38.1157, 13.3615 - Rome"
2025-04-17 16:57:00,12.813643117383892,13,15,Bananas - Cavendish,SH1077,SDA Express Courier – OP-003,31.5,240,LOT202504-20250417-248,False,True,None,0.0,Rome,40.3529,18.1743,"40.3529, 18.1743 - Rome"
2025-04-15 16:01:00,10.274826129186952,10,13,Tomatoes - San Marzano,SH1084,BCUBE – OP-006,22.0,230,LOT202504-20250415-249,True,False,None,0.0,Rome,40.3529,18.1743,"40.3529, 18.1743 - Rome"
2025-03-07 09:18:00,11.70462424294127,10,13,Tomatoes - Beefsteak,SH1286,Arcese Trasporti – OP-002,19.0,215,LOT202503-20250307-250,True,False,None,0.0,Rome,40.7259,8.5555,"40.7259, 8.5555 - Rome"
2025-03-18 10:43:00,2.069766744372064,1,4,Lettuce - Butterhead,SH1082,Schenker Italiana – OP-007,14.0,175,LOT202503-20250318-251,True,False,None,0.0,Rome,40.8518,14.2681,"40.8518, 14.2681 - Rome"
2025-04-13 16:08:00,2.5543765314981806,0,4,Apples - Golden,SH1991,BRT (Bartolini) – OP-008,20.0,200,LOT202504-20250413-252,True,False,None,0.0,Rome,45.0703,7.6869,"45.0703, 7.6869 - Rome"
2025-04-05 12:47:00,1.4328025258209482,0,2,Strawberries - Albion,SH1789,BCUBE – OP-006,30.0,260,LOT202504-20250405-253,True,False,None,0.0,Rome,44.8381,11.6198,"44.8381, 11.6198 - Rome"
2025-04-19 19:46:00,10.736035148965994,10,13,Tomatoes - Roma,SH1894,BCUBE – OP-006,20.0,220,LOT202504-20250419-254,True,False,None,0.0,Rome,40.8518,14.2681,"40.8518, 14.2681 - Rome"
2025-04-10 03:00:00,11.995472283497406,10,13,Tomatoes - Beefsteak,SH1398,Savino Del Bene – OP-005,19.0,215,LOT202504-20250410-255,True,False,None,0.0,Rome,41.9028,12.4964,"41.9028, 12.4964 - Rome"
2025-05-12 13:46:00,0.13930538077471322,0,2,Strawberries - San Andreas,SH1323,BRT (Bartolini) – OP-008,31.0,265,LOT202505-20250512-256,True,False,None,0.0,Rome,41.1171,16.8719,"41.1171, 16.8719 - Rome"
2025-04-04 15:46:00,0.583073265187544,0,2,Strawberries - San Andreas,SH1519,FERCAM – OP-001,31.0,265,LOT202504-20250404-257,True,False,None,0.0,Rome,42.5636,12.6427,"42.5636, 12.6427 - Rome"
2025-03-02 10:05:00,11.893083695685636,10,13,Tomatoes - San Marzano,SH1916,Amazon Italia Logistica – OP-010,22.0,230,LOT202503-20250302-258,True,False,None,0.0,Rome,45.5416,10.2118,"45.5416, 10.2118 - Rome"
2025-04-28 09:36:00,1.8965971295206514,0,4,Apples - Golden,SH1922,Italtrans – OP-004,20.0,200,LOT202504-20250428-259,True,False,None,0.0,Rome,41.1171,16.8719,"41.1171, 16.8719 - Rome"
2025-05-13 03:41:00,13.662397963667011,13,15,Bananas - Cavendish,SH1005,Italtrans – OP-004,31.5,240,LOT202505-20250513-260,True,False,None,0.0,Rome,41.9028,12.4964,"41.9028, 12.4964 - Rome"
2025-05-21 21:52:00,1.5503879934872837,0,4,Apples - Fuji,SH1731,SDA Express Courier – OP-003,21.0,205,LOT202505-20250521-261,True,False,None,0.0,Rome,45.4384,10.9916,"45.4384, 10.9916 - Rome"
2025-05-30 15:26:00,2.5499628339894187,0,4,Apples - Evelina,SH1465,SDA Express Courier – OP-003,19.0,195,LOT202505-20250530-262,True,False,None,0.0,Rome,45.4459,8.6222,"45.4459, 8.6222 - Rome"
2025-05-26 23:50:00,1.4476961619726347,0,4,Apples - Golden,SH1097,Italtrans – OP-004,20.0,200,LOT202505-20250526-263,True,False,None,0.0,Rome,41.9028,12.4964,"41.9028, 12.4964 - Rome"
2025-03-19 03:35:00,3.1357846879762175,1,4,Lettuce - Lollo Rosso,SH1266,FERCAM – OP-001,16.0,185,LOT202503-20250319-264,True,False,None,0.0,Rome,44.4949,11.3426,"44.4949, 11.3426 - Rome"
2025-03-24 05:20:00,2.1720331829954787,0,4,Apples - Red Delicious,SH1357,Arcese Trasporti – OP-002,18.0,198,LOT202503-20250324-265,True,False,None,0.0,Rome,40.9287,14.1951,"40.9287, 14.1951 - Rome"
2025-04-15 03:21:00,15.384057735209135,13,15,Bananas - Plantain,SH1868,GLS Italy – OP-009,33.0,260,LOT202504-20250415-266,False,True,None,0.0,Rome,44.6471,10.9252,"44.6471, 10.9252 - Rome"
2025-05-03 03:47:00,12.376992449192606,10,13,Tomatoes - Cherry,SH1798,Amazon Italia Logistica – OP-010,18.0,210,LOT202505-20250503-267,True,False,None,0.0,Rome,45.5416,10.2118,"45.5416, 10.2118 - Rome"
2025-05-23 11:11:00,13.92253462291063,13,15,Bananas - Cavendish,SH1380,Arcese Trasporti – OP-002,31.5,240,LOT202505-20250523-268,True,False,None,0.0,Rome,45.5416,10.2118,"45.5416, 10.2118 - Rome"
2025-05-11 01:35:00,16.235346941249226,13,15,Bananas - Red Banana,SH1631,Savino Del Bene – OP-005,32.0,250,LOT202505-20250510-269,False,True,High,2.786487808,Rome,45.0703,7.6869,"45.0703, 7.6869 - Rome"
2025-03-19 08:09:00,2.3765414770088436,0,4,Apples - Evelina,SH1381,GLS Italy – OP-009,19.0,195,LOT202503-20250319-270,True,False,None,0.0,Rome,40.8518,14.2681,"40.8518, 14.2681 - Rome"
2025-05-29 13:39:00,13.591931755320044,10,13,Tomatoes - Roma,SH1490,GLS Italy – OP-009,20.0,220,LOT202505-20250529-271,False,True,None,0.0,Rome,39.2238,9.1217,"39.2238, 9.1217 - Rome"
2025-03-03 10:29:00,1.1481884521231425,0,2,Strawberries - San Andreas,SH1118,BRT (Bartolini) – OP-008,31.0,265,LOT202503-20250303-272,True,False,None,0.0,Rome,39.2238,9.1217,"39.2238, 9.1217 - Rome"
2025-03-18 22:03:00,11.526057880814294,10,13,Tomatoes - Beefsteak,SH1900,FERCAM – OP-001,19.0,215,LOT202503-20250318-273,True,False,None,0.0,Rome,41.4676,12.9037,"41.4676, 12.9037 - Rome"
2025-03-10 13:09:00,12.408460342723819,10,13,Tomatoes - Roma,SH1250,FERCAM – OP-001,20.0,220,LOT202503-20250310-274,True,False,None,0.0,Rome,42.4643,14.2142,"42.4643, 14.2142 - Rome"
2025-04-12 19:50:00,1.3134990703340244,0,4,Apples - Golden,SH1523,GLS Italy – OP-009,20.0,200,LOT202504-20250412-275,True,False,None,0.0,Rome,44.4949,11.3426,"44.4949, 11.3426 - Rome"
2025-03-18 07:46:00,1.3187439883704062,0,2,Strawberries - Elsanta,SH1009,BRT (Bartolini) – OP-008,28.0,250,LOT202503-20250318-276,True,False,None,0.0,Rome,44.4949,11.3426,"44.4949, 11.3426 - Rome"
2025-05-10 00:54:00,15.327605850643101,13,15,Bananas - Plantain,SH1196,Amazon Italia Logistica – OP-010,33.0,260,LOT202505-20250509-277,False,True,None,0.0,Rome,43.5485,10.3106,"43.5485, 10.3106 - Rome"
2025-03-19 13:50:00,1.8440905260700609,0,4,Apples - Red Delicious,SH1603,GLS Italy – OP-009,18.0,198,LOT202503-20250319-278,True,False,None,0.0,Rome,45.4064,11.8768,"45.4064, 11.8768 - Rome"
2025-05-08 16:02:00,-1.1698931227927687,0,4,Apples - Golden,SH1081,Schenker Italiana – OP-007,20.0,200,LOT202505-20250508-279,False,True,High,0.0,Rome,45.5416,10.2118,"45.5416, 10.2118 - Rome"
2025-04-02 03:23:00,13.282353076212747,10,13,Tomatoes - Cherry,SH1783,SDA Express Courier – OP-003,18.0,210,LOT202504-20250402-280,False,True,None,0.0,Rome,43.5485,10.3106,"43.5485, 10.3106 - Rome"
2025-05-08 11:51:00,2.3040721351816518,0,4,Apples - Gala,SH1587,SDA Express Courier – OP-003,19.5,202,LOT202505-20250508-281,True,False,None,0.0,Rome,45.6983,9.6773,"45.6983, 9.6773 - Rome"
2025-04-16 05:15:00,11.661035228470487,10,13,Tomatoes - San Marzano,SH1797,Arcese Trasporti – OP-002,22.0,230,LOT202504-20250416-282,True,False,None,0.0,Rome,40.8518,14.2681,"40.8518, 14.2681 - Rome"
2025-03-09 04:13:00,0.06758608080188985,0,2,Strawberries - San Andreas,SH1239,Savino Del Bene – OP-005,31.0,265,LOT202503-20250309-283,True,False,None,0.0,Rome,45.0703,7.6869,"45.0703, 7.6869 - Rome"
2025-03-20 12:01:00,1.4530321472774623,0,4,Apples - Red Delicious,SH1290,SDA Express Courier – OP-003,18.0,198,LOT202503-20250320-284,True,False,None,0.0,Rome,41.9028,12.4964,"41.9028, 12.4964 - Rome"
2025-04-26 23:41:00,0.46876759398029993,0,2,Strawberries - Monterey,SH1211,BCUBE – OP-006,29.0,255,LOT202504-20250426-285,True,False,None,0.0,Rome,37.5079,15.083,"37.5079, 15.083 - Rome"
2025-04-21 13:37:00,2.085548470868992,1,4,Lettuce - Lollo Rosso,SH1717,Arcese Trasporti – OP-002,16.0,185,LOT202504-20250421-286,True,False,None,0.0,Rome,41.9028,12.4964,"41.9028, 12.4964 - Rome"
2025-03-24 11:02:00,1.0104325351630263,0,2,Strawberries - Monterey,SH1359,SDA Express Courier – OP-003,29.0,255,LOT202503-20250324-287,True,False,None,0.0,Rome,44.4056,8.9463,"44.4056, 8.9463 - Rome"
2025-05-08 16:58:00,1.5507027386412258,0,4,Apples - Fuji,SH1449,Savino Del Bene – OP-005,21.0,205,LOT202505-20250508-288,True,False,None,0.0,Rome,43.7696,11.2558,"43.7696, 11.2558 - Rome"
2025-04-09 06:46:00,14.381859830080021,13,15,Bananas - Red Banana,SH1227,FERCAM – OP-001,32.0,250,LOT202504-20250409-289,True,False,None,0.0,Rome,45.4642,9.19,"45.4642, 9.19 - Rome"
2025-03-15 20:48:00,2.270449454857682,0,4,Apples - Fuji,SH1950,FERCAM – OP-001,21.0,205,LOT202503-20250315-290,True,False,None,0.0,Rome,37.5079,15.083,"37.5079, 15.083 - Rome"
2025-05-25 04:35:00,1.2569084769517038,0,4,Apples - Golden,SH1946,Amazon Italia Logistica – OP-010,20.0,200,LOT202505-20250525-291,True,False,None,0.0,Rome,41.9028,12.4964,"41.9028, 12.4964 - Rome"
2025-05-06 02:41:00,8.117081790527529,10,13,Tomatoes - Cherry,SH1796,GLS Italy – OP-009,18.0,210,LOT202505-20250506-292,False,True,High,0.0,Rome,41.9028,12.4964,"41.9028, 12.4964 - Rome"
2025-03-26 16:37:00,2.3092691697503382,0,4,Apples - Fuji,SH1501,Schenker Italiana – OP-007,21.0,205,LOT202503-20250326-293,True,False,None,0.0,Rome,41.4622,15.5446,"41.4622, 15.5446 - Rome"
2025-05-17 13:22:00,2.3072009494769548,0,4,Apples - Gala,SH1464,FERCAM – OP-001,19.5,202,LOT202505-20250517-294,True,False,None,0.0,Rome,45.0703,7.6869,"45.0703, 7.6869 - Rome"
2025-03-11 17:13:00,0.70732047695605,0,2,Strawberries - Albion,SH1362,BRT (Bartolini) – OP-008,30.0,260,LOT202503-20250311-295,True,False,None,0.0,Rome,41.9028,12.4964,"41.9028, 12.4964 - Rome"
2025-04-26 06:05:00,0.8902929029412403,0,2,Strawberries - San Andreas,SH1468,SDA Express Courier – OP-003,31.0,265,LOT202504-20250426-296,True,False,None,0.0,Rome,44.4949,11.3426,"44.4949, 11.3426 - Rome"
2025-04-20 13:55:00,13.070681383366312,13,15,Bananas - Red Banana,SH1935,BRT (Bartolini) – OP-008,32.0,250,LOT202504-20250420-297,True,False,None,0.0,Rome,43.1107,12.3908,"43.1107, 12.3908 - Rome"
2025-03-08 06:06:00,0.6983933052406572,0,2,Strawberries - Monterey,SH1428,Savino Del Bene – OP-005,29.0,255,LOT202503-20250308-298,True,False,None,0.0,Rome,45.4642,9.19,"45.4642, 9.19 - Rome"
2025-05-16 12:51:00,2.301922923226492,0,4,Apples - Evelina,SH1007,FERCAM – OP-001,19.0,195,LOT202505-20250516-299,True,False,None,0.0,Rome,45.4384,10.9916,"45.4384, 10.9916 - Rome"
2025-05-27 11:16:00,0.9710156050573151,0,2,Strawberries - San Andreas,SH1155,Schenker Italiana – OP-007,31.0,265,LOT202505-20250527-300,True,False,None,0.0,Rome,41.9028,12.4964,"41.9028, 12.4964 - Rome"
2025-03-02 04:00:00,2.2718512870207213,0,4,Apples - Renetta,SH1541,Savino Del Bene – OP-005,20.5,210,LOT202503-20250302-301,True,False,None,0.0,Rome,41.9028,12.4964,"41.9028, 12.4964 - Rome"
2025-04-25 01:08:00,11.678795341925618,13,15,Bananas - Red Banana,SH1440,BCUBE – OP-006,32.0,250,LOT202504-20250424-302,False,True,Medium,0.0,Rome,43.7696,11.2558,"43.7696, 11.2558 - Rome"
2025-04-27 20:26:00,10.934377242024848,10,13,Tomatoes - Beefsteak,SH1482,BCUBE – OP-006,19.0,215,LOT202504-20250427-303,True,False,None,0.0,Rome,43.7696,11.2558,"43.7696, 11.2558 - Rome"
2025-03-19 15:45:00,10.13898902982559,10,13,Tomatoes - Beefsteak,SH1422,BRT (Bartolini) – OP-008,19.0,215,LOT202503-20250319-304,True,False,None,0.0,Rome,38.1938,15.554,"38.1938, 15.554 - Rome"
2025-03-23 05:30:00,2.42538430822921,1,4,Lettuce - Butterhead,SH1778,GLS Italy – OP-009,14.0,175,LOT202503-20250323-305,True,False,None,0.0,Rome,44.8015,10.3279,"44.8015, 10.3279 - Rome"
2025-03-14 23:42:00,13.245005600734507,13,15,Bananas - Plantain,SH1949,Arcese Trasporti – OP-002,33.0,260,LOT202503-20250314-306,True,False,None,0.0,Rome,43.4633,11.8825,"43.4633, 11.8825 - Rome"
2025-05-25 22:29:00,9.95388162241649,10,13,Tomatoes - Cherry,SH1334,GLS Italy – OP-009,18.0,210,LOT202505-20250525-307,False,True,None,0.0,Rome,44.4949,11.3426,"44.4949, 11.3426 - Rome"
2025-04-06 14:19:00,0.6462280282461499,0,4,Apples - Renetta,SH1576,Amazon Italia Logistica – OP-010,20.5,210,LOT202504-20250406-308,True,False,None,0.0,Rome,40.8518,14.2681,"40.8518, 14.2681 - Rome"
2025-04-18 21:56:00,1.8468149943775718,0,4,Apples - Renetta,SH1934,GLS Italy – OP-009,20.5,210,LOT202504-20250418-309,True,False,None,0.0,Rome,43.5485,10.3106,"43.5485, 10.3106 - Rome"
2025-04-28 07:27:00,2.08813586941525,0,4,Apples - Fuji,SH1567,Amazon Italia Logistica – OP-010,21.0,205,LOT202504-20250428-310,True,False,None,0.0,Rome,45.4642,9.19,"45.4642, 9.19 - Rome"
2025-03-20 19:00:00,0.3943220732070989,0,2,Strawberries - Elsanta,SH1594,Amazon Italia Logistica – OP-010,28.0,250,LOT202503-20250320-311,True,False,None,0.0,Rome,38.1157,13.3615,"38.1157, 13.3615 - Rome"
2025-05-16 14:38:00,12.78377919056182,13,15,Bananas - Plantain,SH1530,Schenker Italiana – OP-007,33.0,260,LOT202505-20250516-312,False,True,None,0.0,Rome,41.9028,12.4964,"41.9028, 12.4964 - Rome"
2025-03-02 17:16:00,12.796545146531514,13,15,Bananas - Red Banana,SH1581,FERCAM – OP-001,32.0,250,LOT202503-20250302-313,False,True,None,0.0,Rome,41.9028,12.4964,"41.9028, 12.4964 - Rome"
2025-04-18 22:06:00,1.6181796064792857,0,4,Apples - Red Delicious,SH1707,Schenker Italiana – OP-007,18.0,198,LOT202504-20250418-314,True,False,None,0.0,Rome,40.3529,18.1743,"40.3529, 18.1743 - Rome"
2025-05-04 06:47:00,1.6841748367546598,0,4,Apples - Evelina,SH1448,Amazon Italia Logistica – OP-010,19.0,195,LOT202505-20250504-315,True,False,None,0.0,Rome,40.6824,14.7681,"40.6824, 14.7681 - Rome"
2025-05-19 22:34:00,2.622554327280248,0,4,Apples - Evelina,SH1453,Savino Del Bene – OP-005,19.0,195,LOT202505-20250519-316,True,False,None,0.0,Rome,45.5416,10.2118,"45.5416, 10.2118 - Rome"
2025-05-02 12:19:00,2.503496939248073,1,4,Lettuce - Butterhead,SH1228,BCUBE – OP-006,14.0,175,LOT202505-20250502-317,True,False,None,0.0,Rome,45.0703,7.6869,"45.0703, 7.6869 - Rome"
2025-03-15 00:09:00,11.559067671932276,10,13,Tomatoes - San Marzano,SH1352,Amazon Italia Logistica – OP-010,22.0,230,LOT202503-20250314-318,True,False,None,0.0,Rome,41.9028,12.4964,"41.9028, 12.4964 - Rome"
2025-04-22 15:57:00,1.5955234946282324,0,4,Apples - Gala,SH1728,Schenker Italiana – OP-007,19.5,202,LOT202504-20250422-319,True,False,None,0.0,Rome,41.9028,12.4964,"41.9028, 12.4964 - Rome"
2025-05-13 06:01:00,1.3626807441671447,0,2,Strawberries - San Andreas,SH1212,Savino Del Bene – OP-005,31.0,265,LOT202505-20250513-320,True,False,None,0.0,Rome,45.4642,9.19,"45.4642, 9.19 - Rome"
2025-03-12 06:02:00,-1.3911802934203474,0,2,Strawberries - Albion,SH1079,Schenker Italiana – OP-007,30.0,260,LOT202503-20250312-321,False,True,Medium,0.0,Rome,43.7696,11.2558,"43.7696, 11.2558 - Rome"
2025-03-01 13:01:00,1.8898629860061429,0,2,Strawberries - San Andreas,SH1148,GLS Italy – OP-009,31.0,265,LOT202503-20250301-322,True,False,High,0.04023535,Rome,43.8777,11.1022,"43.8777, 11.1022 - Rome"
2025-03-27 01:32:00,9.713012310950635,10,13,Tomatoes - San Marzano,SH1302,SDA Express Courier – OP-003,22.0,230,LOT202503-20250326-323,False,True,None,0.0,Rome,45.4064,11.8768,"45.4064, 11.8768 - Rome"
2025-05-19 06:15:00,0.5443630903398399,0,2,Strawberries - San Andreas,SH1628,BRT (Bartolini) – OP-008,31.0,265,LOT202505-20250519-324,True,False,None,0.0,Rome,45.4642,9.19,"45.4642, 9.19 - Rome"
2025-05-25 15:11:00,0.4817385282865895,0,2,Strawberries - Monterey,SH1777,Arcese Trasporti – OP-002,29.0,255,LOT202505-20250525-325,True,False,None,0.0,Rome,45.0528,9.6927,"45.0528, 9.6927 - Rome"
2025-03-03 02:40:00,2.3248015342754393,1,4,Lettuce - Romaine,SH1506,Schenker Italiana – OP-007,17.0,190,LOT202503-20250303-326,True,False,None,0.0,Rome,44.6471,10.9252,"44.6471, 10.9252 - Rome"
2025-05-03 09:54:00,12.113726733413065,10,13,Tomatoes - Cherry,SH1342,Arcese Trasporti – OP-002,18.0,210,LOT202505-20250503-327,True,False,None,0.0,Rome,41.1171,16.8719,"41.1171, 16.8719 - Rome"
2025-05-19 11:06:00,12.491649761026745,10,13,Tomatoes - Beefsteak,SH1485,Italtrans – OP-004,19.0,215,LOT202505-20250519-328,True,False,None,0.0,Rome,45.4408,12.3155,"45.4408, 12.3155 - Rome"
2025-04-11 23:15:00,2.510125547890285,1,4,Lettuce - Butterhead,SH1711,Schenker Italiana – OP-007,14.0,175,LOT202504-20250411-329,True,False,None,0.0,Rome,38.1157,13.3615,"38.1157, 13.3615 - Rome"
2025-04-25 08:01:00,13.457592484303905,13,15,Bananas - Plantain,SH1133,SDA Express Courier – OP-003,33.0,260,LOT202504-20250425-330,True,False,None,0.0,Rome,45.4642,9.19,"45.4642, 9.19 - Rome"
2025-03-07 07:06:00,2.043882969179437,0,4,Apples - Red Delicious,SH1703,Arcese Trasporti – OP-002,18.0,198,LOT202503-20250307-331,True,False,None,0.0,Rome,45.0703,7.6869,"45.0703, 7.6869 - Rome"
2025-05-05 12:42:00,2.513732381356708,0,4,Apples - Renetta,SH1311,Amazon Italia Logistica – OP-010,20.5,210,LOT202505-20250505-332,True,False,None,0.0,Rome,44.698,10.63,"44.698, 10.63 - Rome"
2025-04-01 16:20:00,9.873645087754525,10,13,Tomatoes - Cherry,SH1722,Schenker Italiana – OP-007,18.0,210,LOT202504-20250401-333,False,True,None,0.0,Rome,41.9028,12.4964,"41.9028, 12.4964 - Rome"
2025-05-12 16:20:00,11.463088960788514,10,13,Tomatoes - San Marzano,SH1629,FERCAM – OP-001,22.0,230,LOT202505-20250512-334,True,False,None,0.0,Rome,41.9028,12.4964,"41.9028, 12.4964 - Rome"
2025-03-12 09:49:00,12.561370081604569,10,13,Tomatoes - Cherry,SH1000,BRT (Bartolini) – OP-008,18.0,210,LOT202503-20250312-335,True,False,None,0.0,Rome,41.9028,12.4964,"41.9028, 12.4964 - Rome"
2025-04-08 10:30:00,10.832664320049398,10,13,Tomatoes - Beefsteak,SH1316,SDA Express Courier – OP-003,19.0,215,LOT202504-20250408-336,True,False,None,0.0,Rome,41.9028,12.4964,"41.9028, 12.4964 - Rome"
2025-05-17 17:42:00,1.1181567182747458,0,4,Apples - Red Delicious,SH1706,Arcese Trasporti – OP-002,18.0,198,LOT202505-20250517-337,True,False,None,0.0,Rome,40.7259,8.5555,"40.7259, 8.5555 - Rome"
2025-05-08 14:16:00,12.985582527426784,13,15,Bananas - Red Banana,SH1547,SDA Express Courier – OP-003,32.0,250,LOT202505-20250508-338,False,True,None,0.0,Rome,43.8777,11.1022,"43.8777, 11.1022 - Rome"
2025-05-26 01:02:00,1.9876400344562943,0,4,Apples - Evelina,SH1872,Savino Del Bene – OP-005,19.0,195,LOT202505-20250525-339,True,False,None,0.0,Rome,44.4056,8.9463,"44.4056, 8.9463 - Rome"
2025-03-21 22:27:00,1.634495859792342,0,4,Apples - Renetta,SH1532,BRT (Bartolini) – OP-008,20.5,210,LOT202503-20250321-340,True,False,None,0.0,Rome,41.9028,12.4964,"41.9028, 12.4964 - Rome"
2025-05-28 02:48:00,10.25390048498064,10,13,Tomatoes - San Marzano,SH1477,Amazon Italia Logistica – OP-010,22.0,230,LOT202505-20250528-341,True,False,None,0.0,Rome,44.4056,8.9463,"44.4056, 8.9463 - Rome"
2025-04-20 11:01:00,2.512881632075043,1,4,Lettuce - Iceberg,SH1404,Schenker Italiana – OP-007,15.0,180,LOT202504-20250420-342,True,False,None,0.0,Rome,44.4056,8.9463,"44.4056, 8.9463 - Rome"
2025-05-18 02:20:00,1.3794537833198826,0,4,Apples - Evelina,SH1172,Schenker Italiana – OP-007,19.0,195,LOT202505-20250518-343,True,False,None,0.0,Rome,41.9028,12.4964,"41.9028, 12.4964 - Rome"
2025-05-19 20:06:00,10.294369500791667,10,13,Tomatoes - Cherry,SH1125,Schenker Italiana – OP-007,18.0,210,LOT202505-20250519-344,True,False,None,0.0,Rome,38.1157,13.3615,"38.1157, 13.3615 - Rome"
2025-04-11 06:41:00,12.49005553434414,10,13,Tomatoes - San Marzano,SH1394,BRT (Bartolini) – OP-008,22.0,230,LOT202504-20250411-345,True,False,None,0.0,Rome,45.0703,7.6869,"45.0703, 7.6869 - Rome"
2025-03-01 17:56:00,1.8563107703254564,0,4,Apples - Golden,SH1420,FERCAM – OP-001,20.0,200,LOT202503-20250301-346,True,False,None,0.0,Rome,45.4384,10.9916,"45.4384, 10.9916 - Rome"
2025-05-09 18:55:00,3.059860879973554,0,2,Strawberries - San Andreas,SH1552,Italtrans – OP-004,31.0,265,LOT202505-20250509-347,False,True,Medium,1.048377551,Rome,38.1938,15.554,"38.1938, 15.554 - Rome"
2025-04-21 13:31:00,2.4054300665767827,0,4,Apples - Gala,SH1903,BCUBE – OP-006,19.5,202,LOT202504-20250421-348,True,False,None,0.0,Rome,41.9028,12.4964,"41.9028, 12.4964 - Rome"
2025-04-03 08:28:00,2.0110266471899223,0,4,Apples - Gala,SH1090,GLS Italy – OP-009,19.5,202,LOT202504-20250403-349,True,False,None,0.0,Rome,45.0703,7.6869,"45.0703, 7.6869 - Rome"
2025-04-24 11:39:00,15.246809598505717,13,15,Bananas - Cavendish,SH1939,Arcese Trasporti – OP-002,31.5,240,LOT202504-20250424-350,False,True,None,0.0,Rome,45.4384,10.9916,"45.4384, 10.9916 - Rome"
2025-05-27 08:19:00,12.745022936829995,10,13,Tomatoes - Beefsteak,SH1181,FERCAM – OP-001,19.0,215,LOT202505-20250527-351,True,False,None,0.0,Rome,44.4949,11.3426,"44.4949, 11.3426 - Rome"
2025-03-19 02:43:00,13.255030208437033,13,15,Bananas - Plantain,SH1274,Amazon Italia Logistica – OP-010,33.0,260,LOT202503-20250319-352,True,False,None,0.0,Rome,40.7259,8.5555,"40.7259, 8.5555 - Rome"
2025-05-10 17:57:00,1.5424023801100313,0,4,Apples - Evelina,SH1895,Arcese Trasporti – OP-002,19.0,195,LOT202505-20250510-353,True,False,None,0.0,Rome,45.4064,11.8768,"45.4064, 11.8768 - Rome"
2025-03-28 11:23:00,11.49336744654584,10,13,Tomatoes - Cherry,SH1069,Schenker Italiana – OP-007,18.0,210,LOT202503-20250328-354,True,False,None,0.0,Rome,41.9028,12.4964,"41.9028, 12.4964 - Rome"
2025-05-09 00:19:00,-1.4760497708443954,1,4,Lettuce - Butterhead,SH1291,SDA Express Courier – OP-003,14.0,175,LOT202505-20250508-355,False,True,Medium,0.0,Rome,41.9028,12.4964,"41.9028, 12.4964 - Rome"
2025-03-28 05:03:00,14.813564285938913,13,15,Bananas - Plantain,SH1131,Amazon Italia Logistica – OP-010,33.0,260,LOT202503-20250328-356,True,False,None,0.0,Rome,38.1938,15.554,"38.1938, 15.554 - Rome"
2025-05-19 09:45:00,0.8425704267068189,0,2,Strawberries - Albion,SH1300,Arcese Trasporti – OP-002,30.0,260,LOT202505-20250519-357,True,False,None,0.0,Rome,41.9028,12.4964,"41.9028, 12.4964 - Rome"
2025-05-20 22:00:00,0.35216661226470797,0,2,Strawberries - San Andreas,SH1424,Schenker Italiana – OP-007,31.0,265,LOT202505-20250520-358,True,False,None,0.0,Rome,37.5079,15.083,"37.5079, 15.083 - Rome"
2025-04-26 04:58:00,2.0051282809555753,0,4,Apples - Red Delicious,SH1326,Arcese Trasporti – OP-002,18.0,198,LOT202504-20250426-359,True,False,None,0.0,Rome,42.5636,12.6427,"42.5636, 12.6427 - Rome"
2025-03-04 08:23:00,12.604771032105985,10,13,Tomatoes - San Marzano,SH1144,SDA Express Courier – OP-003,22.0,230,LOT202503-20250304-360,True,False,None,0.0,Rome,37.5079,15.083,"37.5079, 15.083 - Rome"
2025-04-15 07:28:00,-0.5116099754505705,0,2,Strawberries - San Andreas,SH1423,Schenker Italiana – OP-007,31.0,265,LOT202504-20250415-361,False,True,Medium,0.0,Rome,45.0703,7.6869,"45.0703, 7.6869 - Rome"
2025-04-20 03:39:00,2.2664016621636263,0,4,Apples - Fuji,SH1580,Italtrans – OP-004,21.0,205,LOT202504-20250420-362,True,False,None,0.0,Rome,38.1938,15.554,"38.1938, 15.554 - Rome"
2025-03-19 00:49:00,13.307321393341756,13,15,Bananas - Plantain,SH1135,FERCAM – OP-001,33.0,260,LOT202503-20250318-363,True,False,None,0.0,Rome,44.4056,8.9463,"44.4056, 8.9463 - Rome"
2025-03-23 05:00:00,14.302784817216548,13,15,Bananas - Red Banana,SH1450,Savino Del Bene – OP-005,32.0,250,LOT202503-20250323-364,True,False,None,0.0,Rome,43.7696,11.2558,"43.7696, 11.2558 - Rome"
2025-03-23 00:25:00,2.6838223355988156,1,4,Lettuce - Lollo Rosso,SH1164,GLS Italy – OP-009,16.0,185,LOT202503-20250322-365,True,False,None,0.0,Rome,42.5636,12.6427,"42.5636, 12.6427 - Rome"
2025-03-16 08:55:00,11.362305459414245,10,13,Tomatoes - Beefsteak,SH1028,BRT (Bartolini) – OP-008,19.0,215,LOT202503-20250316-366,True,False,None,0.0,Rome,45.0703,7.6869,"45.0703, 7.6869 - Rome"
2025-04-23 22:19:00,14.770872322376755,13,15,Bananas - Cavendish,SH1773,GLS Italy – OP-009,31.5,240,LOT202504-20250423-367,True,False,None,0.0,Rome,40.3529,18.1743,"40.3529, 18.1743 - Rome"
2025-03-31 08:25:00,1.8933871894076353,0,4,Apples - Red Delicious,SH1193,Amazon Italia Logistica – OP-010,18.0,198,LOT202503-20250331-368,True,False,None,0.0,Rome,37.0755,15.2866,"37.0755, 15.2866 - Rome"
2025-03-19 19:18:00,14.369757755264063,13,15,Bananas - Cavendish,SH1388,GLS Italy – OP-009,31.5,240,LOT202503-20250319-369,True,False,None,0.0,Rome,45.4642,9.19,"45.4642, 9.19 - Rome"
2025-03-19 03:37:00,14.98898653132882,13,15,Bananas - Plantain,SH1852,Schenker Italiana – OP-007,33.0,260,LOT202503-20250319-370,True,False,None,0.0,Rome,41.9028,12.4964,"41.9028, 12.4964 - Rome"
2025-04-23 08:27:00,14.773806597186502,13,15,Bananas - Cavendish,SH1169,Italtrans – OP-004,31.5,240,LOT202504-20250423-371,True,False,None,0.0,Rome,41.9028,12.4964,"41.9028, 12.4964 - Rome"
2025-05-26 15:57:00,1.8078490890532088,0,4,Apples - Golden,SH1705,Savino Del Bene – OP-005,20.0,200,LOT202505-20250526-372,True,False,None,0.0,Rome,41.9028,12.4964,"41.9028, 12.4964 - Rome"
2025-04-01 13:50:00,2.9695386920632187,1,4,Lettuce - Iceberg,SH1140,FERCAM – OP-001,15.0,180,LOT202504-20250401-373,True,False,None,0.0,Rome,41.9028,12.4964,"41.9028, 12.4964 - Rome"
2025-03-09 13:21:00,12.340338921703557,10,13,Tomatoes - Cherry,SH1173,FERCAM – OP-001,18.0,210,LOT202503-20250309-374,True,False,None,0.0,Rome,40.4644,17.247,"40.4644, 17.247 - Rome"
2025-03-21 12:26:00,14.230282427377619,13,15,Bananas - Plantain,SH1006,SDA Express Courier – OP-003,33.0,260,LOT202503-20250321-375,True,False,Medium,0.01078224,Rome,41.9028,12.4964,"41.9028, 12.4964 - Rome"
2025-03-13 10:18:00,11.165104456150743,10,13,Tomatoes - Roma,SH1745,BRT (Bartolini) – OP-008,20.0,220,LOT202503-20250313-376,True,False,None,0.0,Rome,40.8518,14.2681,"40.8518, 14.2681 - Rome"
2025-04-01 12:01:00,13.847445943190975,13,15,Bananas - Red Banana,SH1478,Arcese Trasporti – OP-002,32.0,250,LOT202504-20250401-377,True,False,None,0.0,Rome,44.8381,11.6198,"44.8381, 11.6198 - Rome"
2025-03-30 09:49:00,12.176880696394289,10,13,Tomatoes - Roma,SH1073,Italtrans – OP-004,20.0,220,LOT202503-20250330-378,True,False,None,0.0,Rome,41.9028,12.4964,"41.9028, 12.4964 - Rome"
2025-04-30 06:12:00,11.733178078394147,10,13,Tomatoes - Roma,SH1910,Arcese Trasporti – OP-002,20.0,220,LOT202504-20250430-379,True,False,None,0.0,Rome,41.4622,15.5446,"41.4622, 15.5446 - Rome"
2025-05-29 03:47:00,11.884471409045087,10,13,Tomatoes - Beefsteak,SH1813,Savino Del Bene – OP-005,19.0,215,LOT202505-20250529-380,True,False,None,0.0,Rome,45.4642,9.19,"45.4642, 9.19 - Rome"
2025-05-22 07:22:00,13.946472123902032,13,15,Bananas - Plantain,SH1238,GLS Italy – OP-009,33.0,260,LOT202505-20250522-381,True,False,None,0.0,Rome,41.9028,12.4964,"41.9028, 12.4964 - Rome"
2025-04-03 16:04:00,13.506175082121612,13,15,Bananas - Cavendish,SH1145,FERCAM – OP-001,31.5,240,LOT202504-20250403-382,True,False,None,0.0,Rome,45.5416,10.2118,"45.5416, 10.2118 - Rome"
2025-05-08 17:13:00,14.405697521997526,13,15,Bananas - Cavendish,SH1792,Savino Del Bene – OP-005,31.5,240,LOT202505-20250508-383,True,False,None,0.0,Rome,45.4384,10.9916,"45.4384, 10.9916 - Rome"
2025-05-27 22:23:00,14.101486342743456,13,15,Bananas - Red Banana,SH1234,GLS Italy – OP-009,32.0,250,LOT202505-20250527-384,True,False,None,0.0,Rome,40.9287,14.1951,"40.9287, 14.1951 - Rome"
2025-05-29 16:44:00,3.137937656623862,1,4,Lettuce - Lollo Rosso,SH1220,FERCAM – OP-001,16.0,185,LOT202505-20250529-385,True,False,None,0.0,Rome,44.6471,10.9252,"44.6471, 10.9252 - Rome"
2025-04-29 00:38:00,2.9766024399257223,1,4,Lettuce - Lollo Rosso,SH1923,GLS Italy – OP-009,16.0,185,LOT202504-20250428-386,True,False,None,0.0,Rome,39.2238,9.1217,"39.2238, 9.1217 - Rome"
2025-04-09 16:56:00,14.647462537901532,13,15,Bananas - Red Banana,SH1500,BRT (Bartolini) – OP-008,32.0,250,LOT202504-20250409-387,True,False,None,0.0,Rome,45.4642,9.19,"45.4642, 9.19 - Rome"
2025-03-20 04:10:00,10.991902304498621,10,13,Tomatoes - Beefsteak,SH1132,Italtrans – OP-004,19.0,215,LOT202503-20250320-388,True,False,None,0.0,Rome,41.9028,12.4964,"41.9028, 12.4964 - Rome"
2025-05-28 19:29:00,11.438145983295602,10,13,Tomatoes - Cherry,SH1990,Amazon Italia Logistica – OP-010,18.0,210,LOT202505-20250528-389,True,False,None,0.0,Rome,38.1112,15.6613,"38.1112, 15.6613 - Rome"
2025-03-14 22:55:00,10.034492601593058,10,13,Tomatoes - San Marzano,SH1774,Savino Del Bene – OP-005,22.0,230,LOT202503-20250314-390,True,False,None,0.0,Rome,39.2238,9.1217,"39.2238, 9.1217 - Rome"
2025-03-19 15:23:00,2.2691824597605925,1,4,Lettuce - Butterhead,SH1185,Savino Del Bene – OP-005,14.0,175,LOT202503-20250319-391,True,False,None,0.0,Rome,45.4459,8.6222,"45.4459, 8.6222 - Rome"
2025-03-17 05:59:00,11.864340843104202,10,13,Tomatoes - Cherry,SH1041,BCUBE – OP-006,18.0,210,LOT202503-20250317-392,True,False,None,0.0,Rome,45.0703,7.6869,"45.0703, 7.6869 - Rome"
2025-04-24 11:01:00,10.450337763142116,10,13,Tomatoes - Beefsteak,SH1696,Schenker Italiana – OP-007,19.0,215,LOT202504-20250424-393,True,False,None,0.0,Rome,45.0703,7.6869,"45.0703, 7.6869 - Rome"
2025-05-18 00:14:00,14.474310232305223,13,15,Bananas - Plantain,SH1108,BRT (Bartolini) – OP-008,33.0,260,LOT202505-20250517-394,True,False,None,0.0,Rome,43.1107,12.3908,"43.1107, 12.3908 - Rome"
2025-03-09 02:41:00,12.506782413540439,13,15,Bananas - Plantain,SH1588,BRT (Bartolini) – OP-008,33.0,260,LOT202503-20250309-395,False,True,None,0.0,Rome,40.8518,14.2681,"40.8518, 14.2681 - Rome"
2025-05-14 16:35:00,2.2505512752517336,1,4,Lettuce - Iceberg,SH1056,Arcese Trasporti – OP-002,15.0,180,LOT202505-20250514-396,True,False,None,0.0,Rome,45.5455,11.5354,"45.5455, 11.5354 - Rome"
2025-04-15 23:01:00,13.541206350881996,13,15,Bananas - Red Banana,SH1405,GLS Italy – OP-009,32.0,250,LOT202504-20250415-397,True,False,None,0.0,Rome,40.7259,8.5555,"40.7259, 8.5555 - Rome"
2025-05-01 11:17:00,10.679657792455359,13,15,Bananas - Cavendish,SH1442,Schenker Italiana – OP-007,31.5,240,LOT202505-20250501-398,False,True,Medium,0.0,Rome,38.1157,13.3615,"38.1157, 13.3615 - Rome"
2025-04-04 05:13:00,12.19223888465537,13,15,Bananas - Plantain,SH1757,Italtrans – OP-004,33.0,260,LOT202504-20250404-399,False,True,None,0.0,Rome,38.1112,15.6613,"38.1112, 15.6613 - Rome"
2025-03-24 02:22:00,1.1791994143662554,0,2,Strawberries - Albion,SH1997,Italtrans – OP-004,30.0,260,LOT202503-20250324-400,True,False,None,0.0,Rome,38.1112,15.6613,"38.1112, 15.6613 - Rome"
2025-03-19 18:36:00,11.838311656876684,10,13,Tomatoes - Cherry,SH1024,BRT (Bartolini) – OP-008,18.0,210,LOT202503-20250319-401,True,False,None,0.0,Rome,41.9028,12.4964,"41.9028, 12.4964 - Rome"
2025-04-14 18:04:00,12.262534224430487,10,13,Tomatoes - Beefsteak,SH1467,Italtrans – OP-004,19.0,215,LOT202504-20250414-402,True,False,None,0.0,Rome,46.07,11.119,"46.07, 11.119 - Rome"
2025-04-01 07:25:00,2.201492394154988,0,4,Apples - Evelina,SH1539,BCUBE – OP-006,19.0,195,LOT202504-20250401-403,True,False,None,0.0,Rome,44.4949,11.3426,"44.4949, 11.3426 - Rome"
2025-05-27 12:52:00,2.4126677624069885,0,4,Apples - Gala,SH1531,Savino Del Bene – OP-005,19.5,202,LOT202505-20250527-404,True,False,None,0.0,Rome,44.0604,12.5656,"44.0604, 12.5656 - Rome"
2025-03-04 07:28:00,12.78690780461905,10,13,Tomatoes - Roma,SH1618,SDA Express Courier – OP-003,20.0,220,LOT202503-20250304-405,True,False,None,0.0,Rome,40.8518,14.2681,"40.8518, 14.2681 - Rome"
2025-03-25 11:33:00,13.609375745937024,13,15,Bananas - Cavendish,SH1694,Amazon Italia Logistica – OP-010,31.5,240,LOT202503-20250325-406,True,False,None,0.0,Rome,46.07,11.119,"46.07, 11.119 - Rome"
2025-04-05 06:37:00,3.3355352352469594,1,4,Lettuce - Iceberg,SH1926,Arcese Trasporti – OP-002,15.0,180,LOT202504-20250405-407,True,False,None,0.0,Rome,45.0703,7.6869,"45.0703, 7.6869 - Rome"
2025-05-06 18:59:00,1.1537532546534317,0,2,Strawberries - Albion,SH1338,GLS Italy – OP-009,30.0,260,LOT202505-20250506-408,True,False,None,0.0,Rome,41.9028,12.4964,"41.9028, 12.4964 - Rome"
2025-05-05 18:28:00,1.93143232315941,0,4,Apples - Renetta,SH1051,Amazon Italia Logistica – OP-010,20.5,210,LOT202505-20250505-409,True,False,None,0.0,Rome,37.0755,15.2866,"37.0755, 15.2866 - Rome"
2025-05-09 11:50:00,0.4226244081485529,0,2,Strawberries - Monterey,SH1507,GLS Italy – OP-009,29.0,255,LOT202505-20250509-410,True,False,None,0.0,Rome,41.9028,12.4964,"41.9028, 12.4964 - Rome"
2025-05-08 08:37:00,9.668232568857599,10,13,Tomatoes - Beefsteak,SH1516,FERCAM – OP-001,19.0,215,LOT202505-20250508-411,False,True,None,0.0,Rome,40.8518,14.2681,"40.8518, 14.2681 - Rome"
2025-04-18 18:55:00,11.906518915500284,10,13,Tomatoes - Beefsteak,SH1920,Amazon Italia Logistica – OP-010,19.0,215,LOT202504-20250418-412,True,False,None,0.0,Rome,46.4983,11.3548,"46.4983, 11.3548 - Rome"
2025-03-25 10:06:00,10.459188140579478,10,13,Tomatoes - Beefsteak,SH1781,SDA Express Courier – OP-003,19.0,215,LOT202503-20250325-413,True,False,None,0.0,Rome,46.4983,11.3548,"46.4983, 11.3548 - Rome"
2025-04-02 18:24:00,2.177106593637768,0,4,Apples - Evelina,SH1264,BRT (Bartolini) – OP-008,19.0,195,LOT202504-20250402-414,True,False,None,0.0,Rome,41.1171,16.8719,"41.1171, 16.8719 - Rome"
2025-05-10 12:59:00,1.9728485267596072,1,4,Lettuce - Iceberg,SH1817,BCUBE – OP-006,15.0,180,LOT202505-20250510-415,True,False,None,0.0,Rome,38.1938,15.554,"38.1938, 15.554 - Rome"
2025-05-14 03:05:00,2.707469050767726,0,4,Apples - Fuji,SH1710,Savino Del Bene – OP-005,21.0,205,LOT202505-20250514-416,True,False,None,0.0,Rome,38.1157,13.3615,"38.1157, 13.3615 - Rome"
2025-04-18 05:50:00,11.083111845480753,10,13,Tomatoes - Beefsteak,SH1682,Savino Del Bene – OP-005,19.0,215,LOT202504-20250418-417,True,False,None,0.0,Rome,40.8518,14.2681,"40.8518, 14.2681 - Rome"
2025-04-01 22:53:00,10.450239228459852,10,13,Tomatoes - Cherry,SH1832,BCUBE – OP-006,18.0,210,LOT202504-20250401-418,True,False,None,0.0,Rome,40.8518,14.2681,"40.8518, 14.2681 - Rome"
2025-05-10 14:00:00,10.270937537820506,10,13,Tomatoes - Beefsteak,SH1518,Schenker Italiana – OP-007,19.0,215,LOT202505-20250510-419,True,False,None,0.0,Rome,45.6495,13.7768,"45.6495, 13.7768 - Rome"
2025-05-27 10:58:00,-1.3225346553542132,0,4,Apples - Gala,SH1447,FERCAM – OP-001,19.5,202,LOT202505-20250527-420,False,True,High,0.0,Rome,38.1112,15.6613,"38.1112, 15.6613 - Rome"
2025-04-12 15:12:00,2.4480659630819277,1,4,Lettuce - Lollo Rosso,SH1018,GLS Italy – OP-009,16.0,185,LOT202504-20250412-421,True,False,None,0.0,Rome,43.5485,10.3106,"43.5485, 10.3106 - Rome"
2025-05-04 01:52:00,12.144183008618805,10,13,Tomatoes - Roma,SH1715,SDA Express Courier – OP-003,20.0,220,LOT202505-20250503-422,True,False,None,0.0,Rome,44.4184,12.2035,"44.4184, 12.2035 - Rome"
2025-05-25 10:27:00,13.786020054428498,13,15,Bananas - Cavendish,SH1483,Italtrans – OP-004,31.5,240,LOT202505-20250525-423,True,False,None,0.0,Rome,41.9028,12.4964,"41.9028, 12.4964 - Rome"
2025-04-17 01:29:00,1.814677249479133,0,4,Apples - Gala,SH1568,Amazon Italia Logistica – OP-010,19.5,202,LOT202504-20250416-424,True,False,None,0.0,Rome,44.4056,8.9463,"44.4056, 8.9463 - Rome"
2025-04-14 23:54:00,2.156402657981769,1,4,Lettuce - Iceberg,SH1433,FERCAM – OP-001,15.0,180,LOT202504-20250414-425,True,False,None,0.0,Rome,41.9028,12.4964,"41.9028, 12.4964 - Rome"
2025-05-26 06:52:00,1.3033167518748658,0,2,Strawberries - Monterey,SH1367,Amazon Italia Logistica – OP-010,29.0,255,LOT202505-20250526-426,True,False,None,0.0,Rome,43.7696,11.2558,"43.7696, 11.2558 - Rome"
2025-05-22 18:04:00,12.338024697791083,10,13,Tomatoes - Roma,SH1083,SDA Express Courier – OP-003,20.0,220,LOT202505-20250522-427,True,False,None,0.0,Rome,38.1157,13.3615,"38.1157, 13.3615 - Rome"
2025-05-15 11:02:00,0.8128152415503982,0,2,Strawberries - Monterey,SH1061,Arcese Trasporti – OP-002,29.0,255,LOT202505-20250515-428,True,False,None,0.0,Rome,45.6983,9.6773,"45.6983, 9.6773 - Rome"
2025-03-10 15:20:00,14.174455070428007,13,15,Bananas - Cavendish,SH1638,Arcese Trasporti – OP-002,31.5,240,LOT202503-20250310-429,True,False,None,0.0,Rome,40.8518,14.2681,"40.8518, 14.2681 - Rome"
2025-03-16 07:27:00,1.7814715985906802,0,4,Apples - Golden,SH1272,FERCAM – OP-001,20.0,200,LOT202503-20250316-430,True,False,None,0.0,Rome,41.9028,12.4964,"41.9028, 12.4964 - Rome"
2025-04-30 03:15:00,13.10605568093445,13,15,Bananas - Cavendish,SH1285,BRT (Bartolini) – OP-008,31.5,240,LOT202504-20250430-431,True,False,None,0.0,Rome,41.9028,12.4964,"41.9028, 12.4964 - Rome"
2025-04-12 16:47:00,0.42549305271521476,0,2,Strawberries - Albion,SH1360,SDA Express Courier – OP-003,30.0,260,LOT202504-20250412-432,True,False,None,0.0,Rome,44.698,10.63,"44.698, 10.63 - Rome"
2025-05-08 02:35:00,2.225991463456851,1,4,Lettuce - Butterhead,SH1354,SDA Express Courier – OP-003,14.0,175,LOT202505-20250508-433,True,False,None,0.0,Rome,45.4384,10.9916,"45.4384, 10.9916 - Rome"
2025-03-09 19:48:00,1.3871077608380966,0,4,Apples - Red Delicious,SH1456,BCUBE – OP-006,18.0,198,LOT202503-20250309-434,True,False,None,0.0,Rome,41.9028,12.4964,"41.9028, 12.4964 - Rome"
2025-05-24 15:10:00,2.394365876954863,1,4,Lettuce - Romaine,SH1278,BRT (Bartolini) – OP-008,17.0,190,LOT202505-20250524-435,True,False,None,0.0,Rome,41.9028,12.4964,"41.9028, 12.4964 - Rome"
2025-05-10 16:38:00,2.4520755263685308,0,4,Apples - Fuji,SH1012,GLS Italy – OP-009,21.0,205,LOT202505-20250510-436,True,False,None,0.0,Rome,45.5416,10.2118,"45.5416, 10.2118 - Rome"
2025-05-12 19:34:00,14.641611369221666,13,15,Bananas - Plantain,SH1182,GLS Italy – OP-009,33.0,260,LOT202505-20250512-437,True,False,None,0.0,Rome,41.9028,12.4964,"41.9028, 12.4964 - Rome"
2025-05-22 03:14:00,13.34869172718043,13,15,Bananas - Plantain,SH1368,Italtrans – OP-004,33.0,260,LOT202505-20250522-438,True,False,None,0.0,Rome,41.4622,15.5446,"41.4622, 15.5446 - Rome"
2025-04-06 08:33:00,2.945175317236395,0,4,Apples - Renetta,SH1881,Savino Del Bene – OP-005,20.5,210,LOT202504-20250406-439,True,False,None,0.0,Rome,43.8777,11.1022,"43.8777, 11.1022 - Rome"
2025-04-01 03:38:00,1.924277320906721,0,4,Apples - Gala,SH1615,Arcese Trasporti – OP-002,19.5,202,LOT202504-20250401-440,True,False,None,0.0,Rome,41.9028,12.4964,"41.9028, 12.4964 - Rome"
2025-03-24 06:37:00,13.414126619201177,13,15,Bananas - Red Banana,SH1223,GLS Italy – OP-009,32.0,250,LOT202503-20250324-441,True,False,None,0.0,Rome,41.9028,12.4964,"41.9028, 12.4964 - Rome"
2025-04-27 03:49:00,14.411753244500144,13,15,Bananas - Plantain,SH1572,BRT (Bartolini) – OP-008,33.0,260,LOT202504-20250427-442,True,False,None,0.0,Rome,46.0622,13.234,"46.0622, 13.234 - Rome"
2025-04-23 02:47:00,11.863590876942727,10,13,Tomatoes - Roma,SH1970,SDA Express Courier – OP-003,20.0,220,LOT202504-20250423-443,True,False,None,0.0,Rome,45.0703,7.6869,"45.0703, 7.6869 - Rome"
2025-05-26 19:13:00,10.76647366165501,10,13,Tomatoes - Roma,SH1653,GLS Italy – OP-009,20.0,220,LOT202505-20250526-444,True,False,None,0.0,Rome,45.0703,7.6869,"45.0703, 7.6869 - Rome"
2025-04-19 13:40:00,11.83867737386252,10,13,Tomatoes - San Marzano,SH1545,SDA Express Courier – OP-003,22.0,230,LOT202504-20250419-445,True,False,None,0.0,Rome,41.4622,15.5446,"41.4622, 15.5446 - Rome"
2025-05-23 19:45:00,1.212742009640806,0,2,Strawberries - San Andreas,SH1582,GLS Italy – OP-009,31.0,265,LOT202505-20250523-446,True,False,None,0.0,Rome,46.4983,11.3548,"46.4983, 11.3548 - Rome"
2025-04-23 06:59:00,14.568098987817415,13,15,Bananas - Plantain,SH1633,Arcese Trasporti – OP-002,33.0,260,LOT202504-20250423-447,True,False,None,0.0,Rome,46.0622,13.234,"46.0622, 13.234 - Rome"
2025-05-17 11:33:00,12.817670812627979,10,13,Tomatoes - Roma,SH1176,Amazon Italia Logistica – OP-010,20.0,220,LOT202505-20250517-448,True,False,None,0.0,Rome,38.1112,15.6613,"38.1112, 15.6613 - Rome"
2025-03-14 20:16:00,2.3191050707073173,0,4,Apples - Fuji,SH1665,GLS Italy – OP-009,21.0,205,LOT202503-20250314-449,True,False,None,0.0,Rome,45.0703,7.6869,"45.0703, 7.6869 - Rome"
2025-03-30 10:00:00,15.74067648522237,13,15,Bananas - Cavendish,SH1673,BRT (Bartolini) – OP-008,31.5,240,LOT202503-20250330-450,False,True,None,0.0,Rome,41.9028,12.4964,"41.9028, 12.4964 - Rome"
2025-03-05 10:36:00,0.5524388600251717,0,2,Strawberries - Elsanta,SH1585,GLS Italy – OP-009,28.0,250,LOT202503-20250305-451,True,False,None,0.0,Rome,43.1107,12.3908,"43.1107, 12.3908 - Rome"
2025-05-19 04:59:00,5.9624325332082195,0,4,Apples - Gala,SH1873,Savino Del Bene – OP-005,19.5,202,LOT202505-20250519-452,False,True,High,1.428277792,Rome,41.1171,16.8719,"41.1171, 16.8719 - Rome"
2025-05-12 10:39:00,11.09651817819758,10,13,Tomatoes - Roma,SH1393,Arcese Trasporti – OP-002,20.0,220,LOT202505-20250512-453,True,False,None,0.0,Rome,38.1157,13.3615,"38.1157, 13.3615 - Rome"
2025-04-25 07:30:00,1.4631375488899716,0,4,Apples - Renetta,SH1163,BRT (Bartolini) – OP-008,20.5,210,LOT202504-20250425-454,True,False,None,0.0,Rome,37.0755,15.2866,"37.0755, 15.2866 - Rome"
2025-03-17 09:39:00,2.978670788895315,1,4,Lettuce - Lollo Rosso,SH1248,BCUBE – OP-006,16.0,185,LOT202503-20250317-455,True,False,None,0.0,Rome,41.9028,12.4964,"41.9028, 12.4964 - Rome"
2025-05-01 14:16:00,10.758890249617235,10,13,Tomatoes - Cherry,SH1634,BRT (Bartolini) – OP-008,18.0,210,LOT202505-20250501-456,True,False,None,0.0,Rome,44.4056,8.9463,"44.4056, 8.9463 - Rome"
2025-05-15 16:16:00,11.41691189767281,10,13,Tomatoes - Beefsteak,SH1885,Savino Del Bene – OP-005,19.0,215,LOT202505-20250515-457,True,False,None,0.0,Rome,41.9028,12.4964,"41.9028, 12.4964 - Rome"
2025-04-27 08:55:00,2.7069869782929237,1,4,Lettuce - Iceberg,SH1669,Amazon Italia Logistica – OP-010,15.0,180,LOT202504-20250427-458,True,False,None,0.0,Rome,44.4056,8.9463,"44.4056, 8.9463 - Rome"
2025-05-24 14:37:00,15.11275630915057,13,15,Bananas - Cavendish,SH1375,Arcese Trasporti – OP-002,31.5,240,LOT202505-20250524-459,False,True,None,0.0,Rome,41.9028,12.4964,"41.9028, 12.4964 - Rome"
2025-04-19 19:55:00,12.145830625287788,10,13,Tomatoes - Cherry,SH1412,BCUBE – OP-006,18.0,210,LOT202504-20250419-460,True,False,None,0.0,Rome,41.9028,12.4964,"41.9028, 12.4964 - Rome"
2025-05-14 22:43:00,1.2147639959257879,0,4,Apples - Fuji,SH1074,Savino Del Bene – OP-005,21.0,205,LOT202505-20250514-461,True,False,None,0.0,Rome,41.9028,12.4964,"41.9028, 12.4964 - Rome"
2025-04-29 04:32:00,1.0138086624470692,0,2,Strawberries - Monterey,SH1113,Savino Del Bene – OP-005,29.0,255,LOT202504-20250429-462,True,False,None,0.0,Rome,45.4064,11.8768,"45.4064, 11.8768 - Rome"
2025-03-26 01:06:00,0.692078301567737,0,2,Strawberries - Monterey,SH1598,FERCAM – OP-001,29.0,255,LOT202503-20250325-463,True,False,None,0.0,Rome,38.1112,15.6613,"38.1112, 15.6613 - Rome"
2025-04-08 10:04:00,14.783991887345326,13,15,Bananas - Cavendish,SH1961,Arcese Trasporti – OP-002,31.5,240,LOT202504-20250408-464,True,False,None,0.0,Rome,37.5079,15.083,"37.5079, 15.083 - Rome"
2025-04-06 02:46:00,1.8536631626341251,0,4,Apples - Gala,SH1390,BRT (Bartolini) – OP-008,19.5,202,LOT202504-20250406-465,True,False,None,0.0,Rome,40.3529,18.1743,"40.3529, 18.1743 - Rome"
2025-04-19 20:12:00,11.233090067351016,10,13,Tomatoes - San Marzano,SH1104,SDA Express Courier – OP-003,22.0,230,LOT202504-20250419-466,True,False,None,0.0,Rome,45.0703,7.6869,"45.0703, 7.6869 - Rome"
2025-03-11 21:23:00,1.948854970304246,0,4,Apples - Gala,SH1114,Amazon Italia Logistica – OP-010,19.5,202,LOT202503-20250311-467,True,False,None,0.0,Rome,45.4642,9.19,"45.4642, 9.19 - Rome"
2025-05-04 04:44:00,12.89947301624908,13,15,Bananas - Red Banana,SH1417,SDA Express Courier – OP-003,32.0,250,LOT202505-20250504-468,False,True,None,0.0,Rome,41.4676,12.9037,"41.4676, 12.9037 - Rome"
2025-05-04 07:04:00,1.6902352768676432,0,4,Apples - Red Delicious,SH1525,BRT (Bartolini) – OP-008,18.0,198,LOT202505-20250504-469,True,False,None,0.0,Rome,45.4642,9.19,"45.4642, 9.19 - Rome"
2025-05-10 19:52:00,2.4581499329064607,1,4,Lettuce - Iceberg,SH1457,BRT (Bartolini) – OP-008,15.0,180,LOT202505-20250510-470,True,False,None,0.0,Rome,40.3529,18.1743,"40.3529, 18.1743 - Rome"
2025-03-07 22:07:00,1.054577614946316,0,2,Strawberries - Monterey,SH1409,Arcese Trasporti – OP-002,29.0,255,LOT202503-20250307-471,True,False,None,0.0,Rome,41.9028,12.4964,"41.9028, 12.4964 - Rome"
2025-03-19 05:55:00,0.9179390059898199,0,4,Apples - Red Delicious,SH1092,BRT (Bartolini) – OP-008,18.0,198,LOT202503-20250319-472,True,False,None,0.0,Rome,41.231,16.2973,"41.231, 16.2973 - Rome"
2025-04-25 09:51:00,1.2384995290296152,0,2,Strawberries - Albion,SH1930,FERCAM – OP-001,30.0,260,LOT202504-20250425-473,True,False,None,0.0,Rome,41.9028,12.4964,"41.9028, 12.4964 - Rome"
2025-05-21 06:11:00,1.8496747789729338,0,2,Strawberries - San Andreas,SH1089,BCUBE – OP-006,31.0,265,LOT202505-20250521-474,True,False,None,0.0,Rome,45.6983,9.6773,"45.6983, 9.6773 - Rome"
2025-04-27 22:30:00,0.3801903674071769,0,2,Strawberries - San Andreas,SH1336,BRT (Bartolini) – OP-008,31.0,265,LOT202504-20250427-475,True,False,None,0.0,Rome,43.7696,11.2558,"43.7696, 11.2558 - Rome"
2025-04-16 19:18:00,-2.223085663277897,0,2,Strawberries - Albion,SH1988,SDA Express Courier – OP-003,30.0,260,LOT202504-20250416-476,False,True,High,0.0,Rome,45.4459,8.6222,"45.4459, 8.6222 - Rome"
2025-03-13 19:09:00,1.4009181027546904,1,4,Lettuce - Butterhead,SH1921,BRT (Bartolini) – OP-008,14.0,175,LOT202503-20250313-477,True,False,None,0.0,Rome,41.9028,12.4964,"41.9028, 12.4964 - Rome"
2025-03-01 12:19:00,14.57072821709659,13,15,Bananas - Plantain,SH1933,FERCAM – OP-001,33.0,260,LOT202503-20250301-478,True,False,None,0.0,Rome,41.1171,16.8719,"41.1171, 16.8719 - Rome"
2025-04-27 20:34:00,1.3238046287660898,0,2,Strawberries - Elsanta,SH1605,GLS Italy – OP-009,28.0,250,LOT202504-20250427-479,True,False,None,0.0,Rome,41.231,16.2973,"41.231, 16.2973 - Rome"
2025-04-04 21:08:00,1.8649434750570606,0,4,Apples - Fuji,SH1593,GLS Italy – OP-009,21.0,205,LOT202504-20250404-480,True,False,None,0.0,Rome,44.4949,11.3426,"44.4949, 11.3426 - Rome"
2025-03-25 04:27:00,10.123150512788413,10,13,Tomatoes - San Marzano,SH1611,Savino Del Bene – OP-005,22.0,230,LOT202503-20250325-481,True,False,None,0.0,Rome,45.4384,10.9916,"45.4384, 10.9916 - Rome"
2025-03-15 04:57:00,1.1785155351408378,1,4,Lettuce - Lollo Rosso,SH1094,Amazon Italia Logistica – OP-010,16.0,185,LOT202503-20250315-482,True,False,None,0.0,Rome,45.5416,10.2118,"45.5416, 10.2118 - Rome"
2025-05-27 01:41:00,2.241140297847394,1,4,Lettuce - Lollo Rosso,SH1011,Italtrans – OP-004,16.0,185,LOT202505-20250526-483,True,False,None,0.0,Rome,38.1157,13.3615,"38.1157, 13.3615 - Rome"
2025-04-26 16:57:00,1.3271069766716281,0,2,Strawberries - Monterey,SH1396,BCUBE – OP-006,29.0,255,LOT202504-20250426-484,True,False,None,0.0,Rome,45.4384,10.9916,"45.4384, 10.9916 - Rome"
2025-04-16 06:24:00,2.0487556460851954,1,4,Lettuce - Iceberg,SH1533,Schenker Italiana – OP-007,15.0,180,LOT202504-20250416-485,True,False,None,0.0,Rome,37.5079,15.083,"37.5079, 15.083 - Rome"
2025-04-03 03:34:00,14.551793350542106,13,15,Bananas - Cavendish,SH1043,Savino Del Bene – OP-005,31.5,240,LOT202504-20250403-486,True,False,None,0.0,Rome,46.07,11.119,"46.07, 11.119 - Rome"
2025-05-03 13:48:00,2.3063277598506837,0,4,Apples - Fuji,SH1042,Amazon Italia Logistica – OP-010,21.0,205,LOT202505-20250503-487,True,False,None,0.0,Rome,41.9028,12.4964,"41.9028, 12.4964 - Rome"
2025-05-03 09:15:00,1.9169849814246303,0,2,Strawberries - Monterey,SH1329,GLS Italy – OP-009,29.0,255,LOT202505-20250503-488,True,False,None,0.0,Rome,45.4642,9.19,"45.4642, 9.19 - Rome"
2025-03-01 06:41:00,2.3842739303821467,0,4,Apples - Evelina,SH1167,SDA Express Courier – OP-003,19.0,195,LOT202503-20250301-489,True,False,None,0.0,Rome,46.4983,11.3548,"46.4983, 11.3548 - Rome"
2025-03-20 03:00:00,14.094411643595457,13,15,Bananas - Cavendish,SH1497,Schenker Italiana – OP-007,31.5,240,LOT202503-20250320-490,True,False,None,0.0,Rome,45.6983,9.6773,"45.6983, 9.6773 - Rome"
2025-04-26 06:16:00,1.4775336910808745,0,2,Strawberries - San Andreas,SH1876,Amazon Italia Logistica – OP-010,31.0,265,LOT202504-20250426-491,True,False,None,0.0,Rome,38.1157,13.3615,"38.1157, 13.3615 - Rome"
2025-03-28 04:30:00,2.3900799526052814,1,4,Lettuce - Butterhead,SH1597,Amazon Italia Logistica – OP-010,14.0,175,LOT202503-20250328-492,True,False,None,0.0,Rome,45.4384,10.9916,"45.4384, 10.9916 - Rome"
2025-03-01 19:38:00,12.712950148525495,10,13,Tomatoes - Roma,SH1756,Savino Del Bene – OP-005,20.0,220,LOT202503-20250301-493,True,False,None,0.0,Rome,45.4642,9.19,"45.4642, 9.19 - Rome"
2025-04-29 22:53:00,11.488951802774652,10,13,Tomatoes - Roma,SH1100,Schenker Italiana – OP-007,20.0,220,LOT202504-20250429-494,True,False,None,0.0,Rome,41.9028,12.4964,"41.9028, 12.4964 - Rome"
2025-04-23 01:00:00,1.97937148284073,0,4,Apples - Renetta,SH1426,Arcese Trasporti – OP-002,20.5,210,LOT202504-20250422-495,True,False,None,0.0,Rome,44.4056,8.9463,"44.4056, 8.9463 - Rome"
2025-03-20 19:24:00,0.8379197923541379,0,4,Apples - Evelina,SH1178,Italtrans – OP-004,19.0,195,LOT202503-20250320-496,True,False,None,0.0,Rome,40.8518,14.2681,"40.8518, 14.2681 - Rome"
2025-05-11 22:42:00,1.8960654875558132,0,4,Apples - Evelina,SH1444,Arcese Trasporti – OP-002,19.0,195,LOT202505-20250511-497,True,False,None,0.0,Rome,37.5079,15.083,"37.5079, 15.083 - Rome"
2025-05-13 04:44:00,5.27446746258872,0,4,Apples - Red Delicious,SH1416,Schenker Italiana – OP-007,18.0,198,LOT202505-20250513-498,False,True,High,1.380228184,Rome,41.9028,12.4964,"41.9028, 12.4964 - Rome"
2025-03-21 19:36:00,11.70556152958266,10,13,Tomatoes - Roma,SH1870,Arcese Trasporti – OP-002,20.0,220,LOT202503-20250321-499,True,False,None,0.0,Rome,43.4633,11.8825,"43.4633, 11.8825 - Rome"
2025-03-07 11:20:00,11.306068151616772,10,13,Tomatoes - Roma,SH1882,FERCAM – OP-001,20.0,220,LOT202503-20250307-500,True,False,None,0.0,Rome,46.0622,13.234,"46.0622, 13.234 - Rome"
